-- phpMyAdmin SQL Dump
-- version 5.2.1
-- https://www.phpmyadmin.net/
--
-- Host: 127.0.0.1
-- Generation Time: Apr 02, 2024 at 01:12 PM
-- Server version: 10.4.28-MariaDB
-- PHP Version: 8.2.4

SET SQL_MODE = "NO_AUTO_VALUE_ON_ZERO";
START TRANSACTION;
SET time_zone = "+00:00";


/*!40101 SET @OLD_CHARACTER_SET_CLIENT=@@CHARACTER_SET_CLIENT */;
/*!40101 SET @OLD_CHARACTER_SET_RESULTS=@@CHARACTER_SET_RESULTS */;
/*!40101 SET @OLD_COLLATION_CONNECTION=@@COLLATION_CONNECTION */;
/*!40101 SET NAMES utf8mb4 */;

--
-- Database: `unikey`
--

-- --------------------------------------------------------

--
-- Table structure for table `doors`
--

CREATE TABLE `doors` (
  `id` int(10) UNSIGNED NOT NULL,
  `door_name` varchar(255) DEFAULT NULL,
  `unit_id` int(10) UNSIGNED NOT NULL,
  `created_at` timestamp NULL DEFAULT NULL,
  `updated_at` timestamp NULL DEFAULT NULL,
  `deleted_at` timestamp NULL DEFAULT NULL
) ENGINE=InnoDB DEFAULT CHARSET=utf8mb4 COLLATE=utf8mb4_unicode_ci;

--
-- Dumping data for table `doors`
--

INSERT INTO `doors` (`id`, `door_name`, `unit_id`, `created_at`, `updated_at`, `deleted_at`) VALUES
(1, 'main door', 1, '2024-01-21 07:33:50', '2024-01-21 10:33:50', NULL),
(2, 'door 2', 1, '2024-01-22 10:18:36', '2024-01-22 10:18:36', NULL),
(3, NULL, 6, '2024-01-22 10:34:59', '2024-01-22 10:34:59', NULL),
(4, NULL, 3, '2024-01-22 10:35:00', '2024-01-22 10:35:00', NULL),
(5, NULL, 7, '2024-01-22 10:35:55', '2024-01-22 10:35:55', NULL),
(6, NULL, 5, '2024-01-22 10:35:55', '2024-01-22 10:35:55', NULL),
(7, 'main', 5, '2024-01-22 11:11:30', '2024-01-22 11:11:30', NULL),
(8, 'door 2', 5, '2024-01-22 11:11:30', '2024-01-22 11:11:30', NULL),
(9, 'Yes', 9, '2024-01-26 21:47:21', '2024-04-02 09:43:10', NULL),
(10, 'exit', 9, '2024-01-26 21:47:21', '2024-04-02 09:43:10', NULL),
(11, 'main', 10, '2024-01-26 21:48:32', '2024-01-26 21:48:32', NULL),
(12, 'exit', 11, '2024-01-26 21:48:32', '2024-01-26 21:48:32', NULL),
(13, 'main', 11, '2024-01-26 21:52:28', '2024-01-26 21:52:28', NULL),
(14, 'exit', 13, '2024-01-26 21:52:28', '2024-01-26 21:52:28', NULL),
(15, '2', 12, '2024-01-26 21:55:55', '2024-01-26 21:55:55', NULL),
(16, 'Main door', 13, '2024-02-05 10:17:17', '2024-02-05 10:17:17', NULL),
(18, 'main', 14, '2024-02-29 10:46:10', '2024-02-29 10:46:10', NULL),
(19, 'Kenya', 18, '2024-02-29 10:46:10', '2024-02-29 10:46:10', NULL),
(22, 'Main door', 16, '2024-03-31 18:28:00', '2024-03-31 18:28:00', NULL),
(26, 'ttt', 20, '2024-03-31 18:55:58', '2024-04-02 08:26:04', '2024-04-02 08:26:04'),
(27, 'Nyeri 1', 21, '2024-03-31 19:06:26', '2024-04-02 09:09:04', '2024-04-02 09:09:04'),
(28, 'Nyeri 2', 21, '2024-03-31 19:06:26', '2024-04-02 09:09:04', '2024-04-02 09:09:04'),
(29, 'rrr', 22, '2024-04-01 14:21:38', '2024-04-01 22:13:40', '2024-04-01 22:13:40'),
(30, 'fl1', 23, '2024-04-01 16:45:17', '2024-04-02 10:54:20', '2024-04-02 10:54:20'),
(31, 'yy', 24, '2024-04-01 20:19:40', '2024-04-02 10:31:31', '2024-04-02 10:31:31'),
(32, 'll', 24, '2024-04-01 20:19:40', '2024-04-02 10:31:31', '2024-04-02 10:31:31'),
(33, 'ww', 25, '2024-04-01 20:22:19', '2024-04-02 08:37:43', '2024-04-02 08:37:43');

-- --------------------------------------------------------

--
-- Table structure for table `door_ips`
--

CREATE TABLE `door_ips` (
  `id` int(10) UNSIGNED NOT NULL,
  `ip_address` varchar(255) DEFAULT NULL,
  `door_ip_status` varchar(30) NOT NULL,
  `door_id` int(10) UNSIGNED NOT NULL,
  `created_at` timestamp NULL DEFAULT NULL,
  `updated_at` timestamp NULL DEFAULT NULL,
  `deleted_at` timestamp NULL DEFAULT NULL
) ENGINE=InnoDB DEFAULT CHARSET=utf8mb4 COLLATE=utf8mb4_unicode_ci;

--
-- Dumping data for table `door_ips`
--

INSERT INTO `door_ips` (`id`, `ip_address`, `door_ip_status`, `door_id`, `created_at`, `updated_at`, `deleted_at`) VALUES
(1, '192.168.137.93', 'Offline', 9, '2024-02-27 12:50:51', '2024-04-01 10:00:06', NULL),
(2, '192.168.100.6', 'Online', 10, '2024-02-27 13:03:00', '2024-04-01 18:48:45', NULL),
(3, '192.168.43.23', 'Inactive', 5, '2024-02-27 13:10:24', '2024-02-27 13:10:24', '2024-02-07 22:27:00'),
(6, '127.0.0.9', '', 22, '2024-03-31 18:28:00', '2024-03-31 18:28:00', NULL),
(10, '19.0.1.1', 'Offline', 26, '2024-03-31 18:55:58', '2024-04-01 19:02:44', NULL),
(11, '127.0.0.1', 'Online', 27, '2024-03-31 19:06:26', '2024-04-01 01:48:06', NULL),
(12, '192.168.137.1', 'Online', 28, '2024-03-31 19:06:26', '2024-04-02 11:08:21', NULL),
(13, '192.168.43.243', 'Offline', 29, '2024-04-01 14:21:38', '2024-04-01 14:21:38', NULL),
(14, '126.0.0.1', 'Offline', 30, '2024-04-01 16:45:17', '2024-04-02 10:54:20', '2024-04-02 10:54:20');

-- --------------------------------------------------------

--
-- Table structure for table `door_schedules`
--

CREATE TABLE `door_schedules` (
  `id` int(10) UNSIGNED NOT NULL,
  `unit_id` int(11) NOT NULL,
  `start_date` datetime DEFAULT NULL,
  `end_date` datetime DEFAULT NULL,
  `user_id` int(10) UNSIGNED NOT NULL,
  `door_schedule_permission_id` int(10) UNSIGNED NOT NULL,
  `created_at` timestamp NULL DEFAULT NULL,
  `updated_at` timestamp NULL DEFAULT NULL,
  `deleted_at` timestamp NULL DEFAULT NULL
) ENGINE=InnoDB DEFAULT CHARSET=utf8mb4 COLLATE=utf8mb4_unicode_ci;

--
-- Dumping data for table `door_schedules`
--

INSERT INTO `door_schedules` (`id`, `unit_id`, `start_date`, `end_date`, `user_id`, `door_schedule_permission_id`, `created_at`, `updated_at`, `deleted_at`) VALUES
(1, 0, '2024-01-30 00:00:00', '2024-03-09 00:00:00', 4, 1, '2024-02-01 11:13:47', '2024-02-01 11:13:47', NULL),
(2, 0, '2024-01-30 00:00:00', '2024-03-09 00:00:00', 4, 2, '2024-02-01 11:17:35', '2024-02-01 11:17:35', NULL),
(3, 0, '2024-02-02 18:18:00', '2024-02-14 18:19:00', 9, 3, '2024-02-02 15:19:11', '2024-02-02 15:19:11', NULL),
(4, 0, '2024-02-04 15:34:00', '2024-02-05 15:34:00', 9, 3, '2024-02-03 12:34:12', '2024-02-03 12:34:12', NULL),
(5, 0, '2024-02-06 11:24:00', '2024-02-06 11:24:00', 9, 3, '2024-02-05 08:24:31', '2024-02-05 08:24:31', NULL),
(6, 0, '2024-02-06 11:25:00', '2024-02-07 11:25:00', 9, 4, '2024-02-05 08:25:21', '2024-02-05 08:25:21', NULL),
(7, 0, '2024-02-14 21:24:00', '2024-02-14 23:24:00', 9, 2, '2024-02-14 18:24:56', '2024-02-14 18:24:56', NULL),
(8, 0, '2024-02-20 12:39:00', '2024-03-21 12:40:00', 9, 3, '2024-02-20 09:40:11', '2024-02-20 09:40:11', NULL),
(11, 0, '2024-02-20 15:10:00', '2024-02-20 16:10:00', 9, 3, '2024-02-20 12:10:53', '2024-02-20 12:10:53', NULL),
(12, 0, '2024-02-20 15:10:00', '2024-02-20 16:10:00', 9, 3, '2024-02-20 12:15:23', '2024-02-20 12:15:23', NULL),
(13, 0, '2024-02-20 15:16:00', '2024-02-20 16:16:00', 9, 2, '2024-02-20 12:16:54', '2024-02-20 12:16:54', NULL),
(14, 0, '2024-02-20 15:16:00', '2024-02-20 16:16:00', 9, 2, '2024-02-20 12:22:12', '2024-02-20 12:22:12', NULL),
(15, 0, '2024-02-20 15:22:00', '2024-02-20 16:22:00', 9, 2, '2024-02-20 12:22:54', '2024-02-20 12:22:54', NULL),
(16, 0, '2024-02-19 15:25:00', '2024-02-20 16:25:00', 9, 2, '2024-02-20 12:25:50', '2024-02-20 12:25:50', NULL),
(17, 0, '2024-02-19 15:25:00', '2024-02-20 16:25:00', 9, 2, '2024-02-20 12:26:41', '2024-02-20 12:26:41', NULL),
(18, 0, '2024-02-20 15:26:00', '2024-02-20 16:27:00', 9, 2, '2024-02-20 12:27:12', '2024-02-20 12:27:12', NULL),
(19, 0, '2024-02-20 15:32:00', '2024-02-20 16:32:00', 9, 2, '2024-02-20 12:32:18', '2024-02-20 12:32:18', NULL),
(20, 0, '2024-02-19 20:15:00', '2024-02-20 00:19:00', 9, 5, '2024-02-20 17:16:05', '2024-02-20 17:16:05', NULL),
(21, 0, '2024-02-19 20:18:00', '2024-02-21 20:18:00', 9, 5, '2024-02-20 17:18:59', '2024-02-20 17:18:59', NULL),
(22, 0, '2024-02-21 16:26:00', '2024-02-21 17:26:00', 9, 5, '2024-02-21 13:27:01', '2024-02-21 13:27:01', NULL),
(23, 0, '2024-02-22 01:15:00', '2024-02-22 05:17:00', 9, 3, '2024-02-21 22:17:17', '2024-02-21 22:17:17', NULL),
(24, 0, '2024-02-27 22:35:00', '2024-02-28 22:35:00', 9, 5, '2024-02-27 19:35:24', '2024-02-27 19:35:24', NULL),
(25, 0, '2024-03-02 19:23:00', '2024-03-02 21:23:00', 9, 5, '2024-03-02 17:23:34', '2024-03-02 17:23:34', NULL),
(26, 0, '2024-03-04 12:20:00', '2024-03-04 12:30:00', 9, 6, '2024-03-04 09:21:17', '2024-03-04 09:21:17', NULL),
(27, 0, '2024-03-04 12:38:00', '2024-03-04 12:50:00', 9, 6, '2024-03-04 09:39:49', '2024-03-04 09:39:49', NULL),
(28, 0, '2024-03-04 12:56:00', '2024-03-04 13:02:00', 9, 6, '2024-03-04 09:56:51', '2024-03-04 09:56:51', NULL),
(29, 0, '2024-03-04 16:48:00', '2024-03-04 17:48:00', 9, 6, '2024-03-04 13:48:27', '2024-03-04 13:48:27', NULL),
(30, 0, '2024-03-13 10:53:00', '2024-03-14 12:53:00', 9, 6, '2024-03-14 07:53:31', '2024-03-14 07:53:31', NULL),
(31, 0, '2024-03-14 11:27:00', '2024-03-14 11:30:00', 9, 7, '2024-03-14 08:27:43', '2024-03-14 08:27:43', NULL),
(32, 0, '2024-03-14 12:07:00', '2024-03-14 12:15:00', 9, 8, '2024-03-14 09:10:13', '2024-03-14 09:10:13', NULL),
(33, 0, '2024-03-28 22:19:00', '2024-03-28 22:41:00', 9, 6, '2024-03-28 19:19:40', '2024-03-28 19:19:40', NULL),
(34, 0, '2024-03-28 22:26:00', '2024-03-28 22:38:00', 9, 7, '2024-03-28 19:26:27', '2024-03-28 19:26:27', NULL),
(35, 0, '2024-03-28 23:30:00', '2024-03-28 22:32:00', 9, 9, '2024-03-28 19:30:57', '2024-03-28 19:30:57', NULL);

-- --------------------------------------------------------

--
-- Table structure for table `door_schedule_counters`
--

CREATE TABLE `door_schedule_counters` (
  `id` int(10) UNSIGNED NOT NULL,
  `door_schedule_door_id` int(10) UNSIGNED NOT NULL,
  `open_in` int(11) DEFAULT NULL,
  `close_in` int(11) DEFAULT NULL,
  `open_out` int(11) DEFAULT NULL,
  `close_out` int(11) DEFAULT NULL,
  `created_at` timestamp NULL DEFAULT NULL,
  `updated_at` timestamp NULL DEFAULT NULL,
  `deleted_at` timestamp NULL DEFAULT NULL
) ENGINE=InnoDB DEFAULT CHARSET=utf8mb4 COLLATE=utf8mb4_unicode_ci;

--
-- Dumping data for table `door_schedule_counters`
--

INSERT INTO `door_schedule_counters` (`id`, `door_schedule_door_id`, `open_in`, `close_in`, `open_out`, `close_out`, `created_at`, `updated_at`, `deleted_at`) VALUES
(10, 27, 2, 0, 6, 2, '2024-02-20 12:32:18', '2024-02-20 13:26:42', NULL),
(11, 28, 0, 0, 0, 0, '2024-02-20 17:16:05', '2024-02-20 17:16:05', NULL),
(12, 29, 0, 0, 0, 0, '2024-02-20 17:16:05', '2024-02-20 17:16:05', NULL),
(13, 30, 2, 0, 0, 30, '2024-02-20 17:18:59', '2024-02-21 15:33:56', NULL),
(14, 31, 0, 0, 0, 0, '2024-02-20 17:18:59', '2024-02-20 17:18:59', NULL),
(15, 32, 2, 0, 1, 3, '2024-02-21 13:27:01', '2024-02-21 14:22:20', NULL),
(16, 33, 0, 0, 0, 0, '2024-02-21 13:27:01', '2024-02-21 13:27:01', NULL),
(17, 34, 2, 0, 2, 2, '2024-02-21 22:17:17', '2024-02-21 22:56:32', NULL),
(18, 35, 0, 0, 0, 0, '2024-02-21 22:17:17', '2024-02-21 22:17:17', NULL),
(19, 36, 5, 2, 2, 8, '2024-02-27 19:35:24', '2024-02-28 11:53:22', NULL),
(20, 37, 0, 0, 0, 0, '2024-02-27 19:35:24', '2024-02-27 19:35:24', NULL),
(21, 38, 8, 8, 3, 3, '2024-03-02 17:23:34', '2024-03-02 18:07:32', NULL),
(22, 39, 2, 2, 2, 2, '2024-03-04 09:21:17', '2024-03-04 09:28:07', NULL),
(23, 40, 0, 0, 0, 0, '2024-03-04 09:21:17', '2024-03-04 09:21:17', NULL),
(24, 41, 2, 2, 2, 2, '2024-03-04 09:39:49', '2024-03-04 09:49:17', NULL),
(25, 42, 0, 1, 0, 0, '2024-03-04 09:56:51', '2024-03-04 09:58:10', NULL),
(26, 43, 2, 2, 0, 0, '2024-03-04 13:48:27', '2024-03-04 13:49:36', NULL),
(27, 44, 1, 1, 1, 0, '2024-03-14 07:53:31', '2024-03-14 09:09:21', NULL),
(28, 45, 0, 0, 0, 0, '2024-03-14 07:53:32', '2024-03-14 07:53:32', NULL),
(29, 46, 1, 1, 0, 0, '2024-03-14 08:27:43', '2024-03-14 08:28:35', NULL),
(30, 47, 0, 0, 0, 0, '2024-03-14 08:27:43', '2024-03-14 08:27:43', NULL),
(31, 48, 0, 0, 0, 0, '2024-03-14 09:10:13', '2024-03-14 09:10:13', NULL),
(32, 49, 2, 2, 2, 2, '2024-03-28 19:19:40', '2024-03-28 19:24:46', NULL),
(33, 50, 0, 0, 0, 0, '2024-03-28 19:19:40', '2024-03-28 19:19:40', NULL),
(34, 51, 1, 1, 0, 0, '2024-03-28 19:26:27', '2024-03-28 19:28:08', NULL),
(35, 52, 0, 0, 0, 0, '2024-03-28 19:30:57', '2024-03-28 19:30:57', NULL);

-- --------------------------------------------------------

--
-- Table structure for table `door_schedule_doors`
--

CREATE TABLE `door_schedule_doors` (
  `id` int(10) UNSIGNED NOT NULL,
  `door_schedule_id` int(10) UNSIGNED NOT NULL,
  `door_id` int(10) UNSIGNED NOT NULL,
  `created_at` timestamp NULL DEFAULT NULL,
  `updated_at` timestamp NULL DEFAULT NULL,
  `deleted_at` timestamp NULL DEFAULT NULL
) ENGINE=InnoDB DEFAULT CHARSET=utf8mb4 COLLATE=utf8mb4_unicode_ci;

--
-- Dumping data for table `door_schedule_doors`
--

INSERT INTO `door_schedule_doors` (`id`, `door_schedule_id`, `door_id`, `created_at`, `updated_at`, `deleted_at`) VALUES
(19, 11, 9, '2024-02-20 12:10:53', '2024-02-20 12:10:53', NULL),
(20, 12, 9, '2024-02-20 12:15:23', '2024-02-20 12:15:23', NULL),
(21, 13, 9, '2024-02-20 12:16:54', '2024-02-20 12:16:54', NULL),
(22, 14, 9, '2024-02-20 12:22:12', '2024-02-20 12:22:12', NULL),
(23, 15, 9, '2024-02-20 12:22:54', '2024-02-20 12:22:54', NULL),
(24, 16, 9, '2024-02-20 12:25:50', '2024-02-20 12:25:50', NULL),
(25, 17, 9, '2024-02-20 12:26:41', '2024-02-20 12:26:41', NULL),
(26, 18, 9, '2024-02-20 12:27:12', '2024-02-20 12:27:12', NULL),
(27, 19, 9, '2024-02-20 12:32:18', '2024-02-20 12:32:18', NULL),
(28, 20, 9, '2024-02-20 17:16:05', '2024-02-20 17:16:05', NULL),
(29, 20, 10, '2024-02-20 17:16:05', '2024-02-20 17:16:05', NULL),
(30, 21, 9, '2024-02-20 17:18:59', '2024-02-20 17:18:59', NULL),
(31, 21, 10, '2024-02-20 17:18:59', '2024-02-20 17:18:59', NULL),
(32, 22, 9, '2024-02-21 13:27:01', '2024-02-21 13:27:01', NULL),
(33, 22, 10, '2024-02-21 13:27:01', '2024-02-21 13:27:01', NULL),
(34, 23, 9, '2024-02-21 22:17:17', '2024-02-21 22:17:17', NULL),
(35, 23, 10, '2024-02-21 22:17:17', '2024-02-21 22:17:17', NULL),
(36, 24, 9, '2024-02-27 19:35:24', '2024-02-27 19:35:24', NULL),
(37, 24, 10, '2024-02-27 19:35:24', '2024-02-27 19:35:24', NULL),
(38, 25, 9, '2024-03-02 17:23:34', '2024-03-02 17:23:34', NULL),
(39, 26, 9, '2024-03-04 09:21:17', '2024-03-04 09:21:17', NULL),
(40, 26, 10, '2024-03-04 09:21:17', '2024-03-04 09:21:17', NULL),
(41, 27, 9, '2024-03-04 09:39:49', '2024-03-04 09:39:49', NULL),
(42, 28, 9, '2024-03-04 09:56:51', '2024-03-04 09:56:51', NULL),
(43, 29, 9, '2024-03-04 13:48:27', '2024-03-04 13:48:27', NULL),
(44, 30, 9, '2024-03-14 07:53:31', '2024-03-14 07:53:31', NULL),
(45, 30, 10, '2024-03-14 07:53:32', '2024-03-14 07:53:32', NULL),
(46, 31, 9, '2024-03-14 08:27:43', '2024-03-14 08:27:43', NULL),
(47, 31, 10, '2024-03-14 08:27:43', '2024-03-14 08:27:43', NULL),
(48, 32, 9, '2024-03-14 09:10:13', '2024-03-14 09:10:13', NULL),
(49, 33, 9, '2024-03-28 19:19:40', '2024-03-28 19:19:40', NULL),
(50, 33, 10, '2024-03-28 19:19:40', '2024-03-28 19:19:40', NULL),
(51, 34, 9, '2024-03-28 19:26:27', '2024-03-28 19:26:27', NULL),
(52, 35, 10, '2024-03-28 19:30:57', '2024-03-28 19:30:57', NULL);

-- --------------------------------------------------------

--
-- Table structure for table `door_schedule_permissions`
--

CREATE TABLE `door_schedule_permissions` (
  `id` int(10) UNSIGNED NOT NULL,
  `permission_name` varchar(255) DEFAULT NULL,
  `open_in` varchar(255) DEFAULT NULL,
  `close_in` varchar(255) DEFAULT NULL,
  `open_out` varchar(255) DEFAULT NULL,
  `close_out` varchar(255) DEFAULT NULL,
  `open_in_fre` varchar(255) DEFAULT NULL,
  `close_in_fre` varchar(255) DEFAULT NULL,
  `open_out_fre` varchar(255) DEFAULT NULL,
  `close_out_fre` varchar(255) DEFAULT NULL,
  `user_id` int(10) UNSIGNED NOT NULL,
  `created_at` timestamp NULL DEFAULT NULL,
  `updated_at` timestamp NULL DEFAULT NULL,
  `deleted_at` timestamp NULL DEFAULT NULL
) ENGINE=InnoDB DEFAULT CHARSET=utf8mb4 COLLATE=utf8mb4_unicode_ci;

--
-- Dumping data for table `door_schedule_permissions`
--

INSERT INTO `door_schedule_permissions` (`id`, `permission_name`, `open_in`, `close_in`, `open_out`, `close_out`, `open_in_fre`, `close_in_fre`, `open_out_fre`, `close_out_fre`, `user_id`, `created_at`, `updated_at`, `deleted_at`) VALUES
(1, 'wee', 'yes', 'no', 'yes', 'yes', '3', '2', '12', '3', 4, '2024-02-01 11:13:47', '2024-02-01 11:13:47', NULL),
(2, 'two', 'yes', 'no', 'yes', 'yes', '3', '2', '12', '3', 9, '2024-02-01 11:17:34', '2024-02-01 11:17:34', NULL),
(3, '9_P#name_Test 1', 'yes', 'yes', 'yes', 'no', '12', '15', '12', '2', 9, '2024-02-02 15:19:11', '2024-02-02 15:19:11', NULL),
(4, 'Presentantion', 'yes', 'yes', 'yes', 'yes', '4', '7', '2', '4', 9, '2024-02-05 08:25:21', '2024-02-05 08:25:21', NULL),
(5, 'micro Python', 'yes', 'yes', 'yes', 'yes', '100', '100', '100', '100', 9, '2024-02-20 17:16:05', '2024-02-20 17:16:05', NULL),
(6, 'One each', 'yes', 'yes', 'yes', 'yes', '2', '2', '2', '2', 9, '2024-03-04 09:21:17', '2024-03-04 09:21:17', NULL),
(7, 'one real', 'yes', 'yes', 'yes', 'yes', '1', '1', '1', '1', 9, '2024-03-14 08:27:43', '2024-03-14 08:27:43', NULL),
(8, 'open only', 'yes', 'no', 'yes', 'no', '2', '23', '2', '23', 9, '2024-03-14 09:10:13', '2024-03-14 09:10:13', NULL),
(9, 'xxx', 'yes', 'yes', 'yes', 'yes', '12', '12', '12', '12', 9, '2024-03-28 19:30:57', '2024-03-28 19:30:57', NULL);

-- --------------------------------------------------------

--
-- Table structure for table `door_statuses`
--

CREATE TABLE `door_statuses` (
  `id` int(10) UNSIGNED NOT NULL,
  `door_id` int(10) UNSIGNED NOT NULL,
  `status` varchar(255) DEFAULT NULL,
  `status_setter` varchar(255) DEFAULT NULL,
  `created_at` timestamp NULL DEFAULT NULL,
  `updated_at` timestamp NULL DEFAULT NULL,
  `deleted_at` timestamp NULL DEFAULT NULL
) ENGINE=InnoDB DEFAULT CHARSET=utf8mb4 COLLATE=utf8mb4_unicode_ci;

--
-- Dumping data for table `door_statuses`
--

INSERT INTO `door_statuses` (`id`, `door_id`, `status`, `status_setter`, `created_at`, `updated_at`, `deleted_at`) VALUES
(1, 1, 'Unlocked', '3', '2024-01-21 08:32:23', '2024-01-21 10:32:23', NULL),
(2, 2, 'Locked', '4', NULL, NULL, NULL),
(3, 9, 'Locked', '9', NULL, '2024-03-29 06:37:21', NULL),
(4, 10, 'unlocked', '9', NULL, '2024-02-20 21:50:17', NULL),
(5, 14, 'Locked', '9', NULL, NULL, NULL),
(6, 13, 'Unlocked', '9', NULL, NULL, NULL),
(7, 26, 'Unlocked', '1001', '2024-03-31 18:55:58', '2024-03-31 18:55:58', NULL),
(8, 27, 'Unlocked', '1001', '2024-03-31 19:06:26', '2024-03-31 19:06:26', NULL),
(9, 28, 'Unlocked', '1001', '2024-03-31 19:06:26', '2024-03-31 19:06:26', NULL),
(10, 29, 'Unlocked', '1001', '2024-04-01 14:21:38', '2024-04-01 14:21:38', NULL),
(11, 30, 'Unlocked', '1001', '2024-04-01 16:45:17', '2024-04-02 10:54:20', '2024-04-02 10:54:20'),
(12, 31, 'Unlocked', '1001', '2024-04-01 20:19:40', '2024-04-02 10:31:31', '2024-04-02 10:31:31'),
(13, 32, 'Unlocked', '1001', '2024-04-01 20:19:40', '2024-04-02 10:31:31', '2024-04-02 10:31:31'),
(14, 33, 'Unlocked', '1001', '2024-04-01 20:22:19', '2024-04-01 20:22:19', NULL);

-- --------------------------------------------------------

--
-- Table structure for table `door_status_setters`
--

CREATE TABLE `door_status_setters` (
  `id` int(10) UNSIGNED NOT NULL,
  `door_id` int(10) UNSIGNED NOT NULL,
  `status` varchar(255) DEFAULT NULL,
  `door_schedule_id` int(10) DEFAULT NULL,
  `user_id` int(10) UNSIGNED NOT NULL,
  `my_permission_id` int(10) DEFAULT NULL,
  `count` int(11) DEFAULT NULL,
  `created_at` timestamp NULL DEFAULT NULL,
  `updated_at` timestamp NULL DEFAULT NULL,
  `deleted_at` timestamp NULL DEFAULT NULL
) ENGINE=InnoDB DEFAULT CHARSET=utf8mb4 COLLATE=utf8mb4_unicode_ci;

--
-- Dumping data for table `door_status_setters`
--

INSERT INTO `door_status_setters` (`id`, `door_id`, `status`, `door_schedule_id`, `user_id`, `my_permission_id`, `count`, `created_at`, `updated_at`, `deleted_at`) VALUES
(1, 9, 'Open', 0, 9, 0, NULL, '2024-02-03 17:53:23', '2024-02-03 17:53:23', NULL),
(2, 9, 'Unlocked', 0, 9, 0, NULL, '2024-02-03 18:10:16', '2024-02-03 18:10:16', NULL),
(3, 26, 'Lock', 2, 9, 2, NULL, '2024-02-03 18:10:22', '2024-02-03 18:10:22', NULL),
(4, 26, 'Lock', 1, 9, 1, NULL, '2024-02-03 18:10:31', '2024-02-03 18:10:31', NULL),
(5, 26, 'Unlocked', 1, 9, 1, NULL, '2024-02-03 18:10:37', '2024-02-03 18:10:37', NULL),
(6, 10, 'Unlocked', 0, 9, 0, NULL, '2024-02-03 18:14:26', '2024-02-03 18:14:26', NULL),
(7, 9, 'Lock', 0, 9, 0, NULL, '2024-02-03 18:44:42', '2024-02-03 18:44:42', NULL),
(8, 9, 'Unlocked', 0, 9, 0, NULL, '2024-02-03 19:08:51', '2024-02-03 19:08:51', NULL),
(9, 10, 'Lock', 0, 9, 0, NULL, '2024-02-03 21:44:25', '2024-02-03 21:44:25', NULL),
(10, 10, 'Unlocked', 0, 9, 0, NULL, '2024-02-03 21:47:58', '2024-02-03 21:47:58', NULL),
(11, 9, 'Lock', 0, 9, 0, NULL, '2024-02-03 21:57:35', '2024-02-03 21:57:35', NULL),
(12, 10, 'Lock', 0, 9, 0, NULL, '2024-02-03 21:57:42', '2024-02-03 21:57:42', NULL),
(13, 9, 'Unlocked', 0, 9, 0, NULL, '2024-02-03 21:57:47', '2024-02-03 21:57:47', NULL),
(14, 9, 'Lock', 0, 9, 0, NULL, '2024-02-03 22:01:28', '2024-02-03 22:01:28', NULL),
(15, 9, 'Unlocked', 0, 9, 0, NULL, '2024-02-03 22:12:52', '2024-02-03 22:12:52', NULL),
(16, 9, 'Lock', 0, 9, 0, NULL, '2024-02-03 22:13:02', '2024-02-03 22:13:02', NULL),
(17, 9, 'Unlocked', 0, 9, 0, NULL, '2024-02-03 22:13:30', '2024-02-03 22:13:30', NULL),
(18, 10, 'Unlocked', 0, 9, 0, NULL, '2024-02-03 22:14:42', '2024-02-03 22:14:42', NULL),
(19, 10, 'Lock', 0, 9, 0, NULL, '2024-02-03 22:19:18', '2024-02-03 22:19:18', NULL),
(20, 10, 'Unlocked', 0, 9, 0, NULL, '2024-02-03 22:19:31', '2024-02-03 22:19:31', NULL),
(21, 10, 'Lock', 0, 9, 0, NULL, '2024-02-03 22:21:56', '2024-02-03 22:21:56', NULL),
(22, 10, 'Unlocked', 0, 9, 0, NULL, '2024-02-03 22:22:01', '2024-02-03 22:22:01', NULL),
(23, 10, 'Lock', 0, 9, 0, NULL, '2024-02-03 22:22:05', '2024-02-03 22:22:05', NULL),
(24, 10, 'Unlocked', 0, 9, 0, NULL, '2024-02-03 22:22:12', '2024-02-03 22:22:12', NULL),
(25, 10, 'Lock', 0, 9, 0, NULL, '2024-02-03 22:27:43', '2024-02-03 22:27:43', NULL),
(26, 10, 'Unlocked', 0, 9, 0, NULL, '2024-02-03 22:35:06', '2024-02-03 22:35:06', NULL),
(27, 10, 'Lock', 0, 9, 0, NULL, '2024-02-03 22:36:08', '2024-02-03 22:36:08', NULL),
(28, 10, 'Unlocked', 0, 9, 0, NULL, '2024-02-03 22:40:22', '2024-02-03 22:40:22', NULL),
(29, 10, 'Lock', 0, 9, 0, NULL, '2024-02-03 22:45:13', '2024-02-03 22:45:13', NULL),
(30, 10, 'Unlocked', 0, 9, 0, NULL, '2024-02-03 22:45:59', '2024-02-03 22:45:59', NULL),
(31, 10, 'Lock', 0, 9, 0, NULL, '2024-02-03 22:46:42', '2024-02-03 22:46:42', NULL),
(32, 10, 'Unlocked', 0, 9, 0, NULL, '2024-02-03 22:47:11', '2024-02-03 22:47:11', NULL),
(33, 10, 'Lock', 0, 9, 0, NULL, '2024-02-03 22:47:36', '2024-02-03 22:47:36', NULL),
(34, 10, 'Unlocked', 0, 9, 0, NULL, '2024-02-03 22:48:23', '2024-02-03 22:48:23', NULL),
(35, 10, 'Lock', 0, 9, 0, NULL, '2024-02-03 22:48:56', '2024-02-03 22:48:56', NULL),
(36, 9, 'Lock', 0, 9, 0, NULL, '2024-02-04 00:12:51', '2024-02-04 00:12:51', NULL),
(37, 9, 'Unlocked', 0, 9, 0, NULL, '2024-02-04 00:14:11', '2024-02-04 00:14:11', NULL),
(38, 9, 'Lock', 0, 9, 0, NULL, '2024-02-04 00:14:35', '2024-02-04 00:14:35', NULL),
(39, 9, 'Unlocked', 0, 9, 0, NULL, '2024-02-04 00:15:15', '2024-02-04 00:15:15', NULL),
(40, 9, 'Lock', 0, 9, 0, NULL, '2024-02-04 00:22:20', '2024-02-04 00:22:20', NULL),
(41, 9, 'Unlocked', 0, 9, 0, NULL, '2024-02-04 00:22:54', '2024-02-04 00:22:54', NULL),
(42, 9, 'Lock', 0, 9, 0, NULL, '2024-02-04 00:23:07', '2024-02-04 00:23:07', NULL),
(43, 9, 'Unlocked', 0, 9, 0, NULL, '2024-02-04 00:25:47', '2024-02-04 00:25:47', NULL),
(44, 9, 'Lock', 0, 9, 0, NULL, '2024-02-04 00:25:54', '2024-02-04 00:25:54', NULL),
(45, 10, 'Unlocked', 0, 9, 0, NULL, '2024-02-04 00:26:02', '2024-02-04 00:26:02', NULL),
(46, 9, 'Unlocked', 0, 9, 0, NULL, '2024-02-04 00:28:48', '2024-02-04 00:28:48', NULL),
(47, 10, 'Lock', 0, 9, 0, NULL, '2024-02-04 00:29:40', '2024-02-04 00:29:40', NULL),
(48, 10, 'Unlocked', 0, 9, 0, NULL, '2024-02-04 00:30:50', '2024-02-04 00:30:50', NULL),
(49, 9, 'Lock', 0, 9, 0, NULL, '2024-02-04 00:37:22', '2024-02-04 00:37:22', NULL),
(50, 9, 'Unlocked', 0, 9, 0, NULL, '2024-02-04 00:37:40', '2024-02-04 00:37:40', NULL),
(51, 9, 'Lock', 0, 9, 0, NULL, '2024-02-04 09:25:15', '2024-02-04 09:25:15', NULL),
(52, 9, 'Unlocked', 0, 9, 0, NULL, '2024-02-04 09:40:11', '2024-02-04 09:40:11', NULL),
(53, 9, 'Lock', 0, 9, 0, NULL, '2024-02-04 13:01:01', '2024-02-04 13:01:01', NULL),
(54, 9, 'Unlocked', 0, 9, 0, NULL, '2024-02-05 08:21:48', '2024-02-05 08:21:48', NULL),
(55, 9, 'Lock', 0, 9, 0, NULL, '2024-02-05 11:00:58', '2024-02-05 11:00:58', NULL),
(56, 9, 'Lock', 0, 9, 0, NULL, '2024-02-05 11:01:00', '2024-02-05 11:01:00', NULL),
(57, 9, 'Unlocked', 0, 9, 0, NULL, '2024-02-14 18:23:13', '2024-02-14 18:23:13', NULL),
(58, 9, 'Unlocked', 0, 9, 0, NULL, '2024-02-14 18:23:13', '2024-02-14 18:23:13', NULL),
(59, 10, 'Lock', 0, 9, 0, NULL, '2024-02-14 18:37:51', '2024-02-14 18:37:51', NULL),
(60, 10, 'Lock', 0, 9, 0, NULL, '2024-02-14 18:37:51', '2024-02-14 18:37:51', NULL),
(61, 10, 'Unlocked', 0, 9, 0, NULL, '2024-02-15 13:29:12', '2024-02-15 13:29:12', NULL),
(62, 10, 'Unlocked', 0, 9, 0, NULL, '2024-02-15 13:29:13', '2024-02-15 13:29:13', NULL),
(63, 10, 'Unlocked', 0, 9, 0, NULL, '2024-02-15 13:29:18', '2024-02-15 13:29:18', NULL),
(64, 10, 'Unlocked', 0, 9, 0, NULL, '2024-02-15 13:29:19', '2024-02-15 13:29:19', NULL),
(65, 10, 'Unlocked', 0, 9, 0, NULL, '2024-02-15 13:29:19', '2024-02-15 13:29:19', NULL),
(66, 10, 'Unlocked', 0, 9, 0, NULL, '2024-02-15 13:29:19', '2024-02-15 13:29:19', NULL),
(67, 10, 'Unlocked', 0, 9, 0, NULL, '2024-02-15 13:29:21', '2024-02-15 13:29:21', NULL),
(68, 9, 'Lock', 0, 9, 0, NULL, '2024-02-15 13:30:05', '2024-02-15 13:30:05', NULL),
(69, 10, 'Lock', 0, 9, 0, NULL, '2024-02-15 13:30:36', '2024-02-15 13:30:36', NULL),
(70, 9, 'Unlocked', 0, 9, 0, NULL, '2024-02-15 13:30:42', '2024-02-15 13:30:42', NULL),
(71, 9, 'Lock', 0, 9, 0, NULL, '2024-02-15 13:30:46', '2024-02-15 13:30:46', NULL),
(72, 9, 'Lock', 0, 9, 0, NULL, '2024-02-15 13:30:46', '2024-02-15 13:30:46', NULL),
(73, 9, 'Unlocked', 0, 9, 0, NULL, '2024-02-15 15:26:12', '2024-02-15 15:26:12', NULL),
(74, 9, 'Unlocked', 0, 9, 0, NULL, '2024-02-15 15:26:12', '2024-02-15 15:26:12', NULL),
(75, 9, 'Unlocked', 0, 9, 0, NULL, '2024-02-15 15:26:54', '2024-02-15 15:26:54', NULL),
(76, 9, 'Unlocked', 0, 9, 0, NULL, '2024-02-15 15:26:54', '2024-02-15 15:26:54', NULL),
(77, 9, 'Unlocked', 0, 9, 0, NULL, '2024-02-15 15:27:16', '2024-02-15 15:27:16', NULL),
(78, 9, 'Unlocked', 0, 9, 0, NULL, '2024-02-15 15:27:16', '2024-02-15 15:27:16', NULL),
(79, 9, 'Unlocked', 0, 9, 0, NULL, '2024-02-15 15:28:28', '2024-02-15 15:28:28', NULL),
(80, 9, 'Unlocked', 0, 9, 0, NULL, '2024-02-15 15:31:32', '2024-02-15 15:31:32', NULL),
(81, 9, 'Unlocked', 0, 9, 0, NULL, '2024-02-15 15:31:32', '2024-02-15 15:31:32', NULL),
(82, 9, 'Unlocked', 0, 9, 0, NULL, '2024-02-15 15:32:47', '2024-02-15 15:32:47', NULL),
(83, 9, 'Unlocked', 0, 9, 0, NULL, '2024-02-15 15:32:47', '2024-02-15 15:32:47', NULL),
(84, 9, 'Unlocked', 0, 9, 0, NULL, '2024-02-15 15:33:35', '2024-02-15 15:33:35', NULL),
(85, 9, 'Unlocked', 0, 9, 0, NULL, '2024-02-15 15:33:35', '2024-02-15 15:33:35', NULL),
(86, 9, 'Unlocked', 0, 9, 0, NULL, '2024-02-15 15:35:15', '2024-02-15 15:35:15', NULL),
(87, 9, 'Unlocked', 0, 9, 0, NULL, '2024-02-15 15:35:15', '2024-02-15 15:35:15', NULL),
(88, 9, 'Unlocked', 0, 9, 0, NULL, '2024-02-15 15:35:23', '2024-02-15 15:35:23', NULL),
(89, 9, 'Unlocked', 0, 9, 0, NULL, '2024-02-15 15:35:23', '2024-02-15 15:35:23', NULL),
(90, 9, 'Lock', 0, 9, 0, NULL, '2024-02-15 15:37:41', '2024-02-15 15:37:41', NULL),
(91, 9, 'Lock', 0, 9, 0, NULL, '2024-02-15 15:37:41', '2024-02-15 15:37:41', NULL),
(92, 9, 'Lock', 0, 9, 0, NULL, '2024-02-15 15:37:44', '2024-02-15 15:37:44', NULL),
(93, 10, 'Unlocked', 0, 9, 0, NULL, '2024-02-15 15:37:49', '2024-02-15 15:37:49', NULL),
(94, 10, 'Unlocked', 0, 9, 0, NULL, '2024-02-15 15:37:49', '2024-02-15 15:37:49', NULL),
(95, 10, 'Unlocked', 0, 9, 0, NULL, '2024-02-15 15:37:55', '2024-02-15 15:37:55', NULL),
(96, 9, 'Lock', 0, 9, 0, NULL, '2024-02-15 15:38:01', '2024-02-15 15:38:01', NULL),
(97, 9, 'Lock', 0, 9, 0, NULL, '2024-02-15 15:38:01', '2024-02-15 15:38:01', NULL),
(98, 9, 'Lock', 0, 9, 0, NULL, '2024-02-15 15:38:04', '2024-02-15 15:38:04', NULL),
(99, 10, 'Unlocked', 0, 9, 0, NULL, '2024-02-15 15:38:07', '2024-02-15 15:38:07', NULL),
(100, 10, 'Unlocked', 0, 9, 0, NULL, '2024-02-15 15:38:07', '2024-02-15 15:38:07', NULL),
(101, 9, 'Unlocked', 0, 9, 0, NULL, '2024-02-15 15:41:55', '2024-02-15 15:41:55', NULL),
(102, 9, 'Unlocked', 0, 9, 0, NULL, '2024-02-15 15:41:56', '2024-02-15 15:41:56', NULL),
(103, 9, 'Unlocked', 0, 9, 0, NULL, '2024-02-15 15:42:02', '2024-02-15 15:42:02', NULL),
(104, 10, 'Lock', 0, 9, 0, NULL, '2024-02-15 15:42:07', '2024-02-15 15:42:07', NULL),
(105, 10, 'Lock', 0, 9, 0, NULL, '2024-02-15 15:42:07', '2024-02-15 15:42:07', NULL),
(106, 9, 'Lock', 0, 9, 0, NULL, '2024-02-15 15:47:23', '2024-02-15 15:47:23', NULL),
(107, 9, 'Lock', 0, 9, 0, NULL, '2024-02-15 15:47:23', '2024-02-15 15:47:23', NULL),
(108, 9, 'Lock', 0, 9, 0, NULL, '2024-02-15 15:47:28', '2024-02-15 15:47:28', NULL),
(109, 9, 'Lock', 0, 9, 0, NULL, '2024-02-15 15:47:28', '2024-02-15 15:47:28', NULL),
(110, 10, 'Lock', 0, 9, 0, NULL, '2024-02-15 15:48:04', '2024-02-15 15:48:04', NULL),
(111, 10, 'Lock', 0, 9, 0, NULL, '2024-02-15 15:48:04', '2024-02-15 15:48:04', NULL),
(112, 10, 'Lock', 0, 9, 0, NULL, '2024-02-15 15:48:06', '2024-02-15 15:48:06', NULL),
(113, 10, 'Lock', 0, 9, 0, NULL, '2024-02-15 15:48:06', '2024-02-15 15:48:06', NULL),
(114, 10, 'Lock', 0, 9, 0, NULL, '2024-02-15 15:48:07', '2024-02-15 15:48:07', NULL),
(115, 10, 'Lock', 0, 9, 0, NULL, '2024-02-15 15:48:07', '2024-02-15 15:48:07', NULL),
(116, 10, 'Lock', 0, 9, 0, NULL, '2024-02-15 15:48:56', '2024-02-15 15:48:56', NULL),
(117, 10, 'Lock', 0, 9, 0, NULL, '2024-02-15 15:48:57', '2024-02-15 15:48:57', NULL),
(118, 10, 'Lock', 0, 9, 0, NULL, '2024-02-15 15:48:58', '2024-02-15 15:48:58', NULL),
(119, 10, 'Lock', 0, 9, 0, NULL, '2024-02-15 15:48:59', '2024-02-15 15:48:59', NULL),
(120, 9, 'Unlocked', 0, 9, 0, NULL, '2024-02-15 15:49:02', '2024-02-15 15:49:02', NULL),
(121, 9, 'Unlocked', 0, 9, 0, NULL, '2024-02-15 15:49:02', '2024-02-15 15:49:02', NULL),
(122, 9, 'Unlocked', 0, 9, 0, NULL, '2024-02-15 15:49:04', '2024-02-15 15:49:04', NULL),
(123, 9, 'Unlocked', 0, 9, 0, NULL, '2024-02-15 15:49:04', '2024-02-15 15:49:04', NULL),
(124, 10, 'Unlocked', 0, 9, 0, NULL, '2024-02-15 17:54:47', '2024-02-15 17:54:47', NULL),
(125, 10, 'Unlocked', 0, 9, 0, NULL, '2024-02-15 17:54:47', '2024-02-15 17:54:47', NULL),
(126, 10, 'Unlocked', 0, 9, 0, NULL, '2024-02-15 17:54:52', '2024-02-15 17:54:52', NULL),
(127, 10, 'Unlocked', 0, 9, 0, NULL, '2024-02-15 17:54:52', '2024-02-15 17:54:52', NULL),
(128, 10, 'Lock', 0, 9, 0, NULL, '2024-02-15 17:59:23', '2024-02-15 17:59:23', NULL),
(129, 10, 'Lock', 0, 9, 0, NULL, '2024-02-15 17:59:23', '2024-02-15 17:59:23', NULL),
(130, 10, 'Lock', 0, 9, 0, NULL, '2024-02-15 17:59:56', '2024-02-15 17:59:56', NULL),
(131, 10, 'Lock', 0, 9, 0, NULL, '2024-02-15 17:59:56', '2024-02-15 17:59:56', NULL),
(132, 9, 'Lock', 0, 9, 0, NULL, '2024-02-15 18:00:06', '2024-02-15 18:00:06', NULL),
(133, 9, 'Lock', 0, 9, 0, NULL, '2024-02-15 18:00:06', '2024-02-15 18:00:06', NULL),
(134, 9, 'Lock', 0, 9, 0, NULL, '2024-02-15 18:00:10', '2024-02-15 18:00:10', NULL),
(135, 9, 'Lock', 0, 9, 0, NULL, '2024-02-15 18:00:10', '2024-02-15 18:00:10', NULL),
(136, 9, 'Lock', 0, 9, 0, NULL, '2024-02-15 18:00:13', '2024-02-15 18:00:13', NULL),
(137, 9, 'Lock', 0, 9, 0, NULL, '2024-02-15 18:00:13', '2024-02-15 18:00:13', NULL),
(138, 10, 'Unlocked', 0, 9, 0, NULL, '2024-02-15 19:54:39', '2024-02-15 19:54:39', NULL),
(139, 10, 'Unlocked', 0, 9, 0, NULL, '2024-02-15 19:54:39', '2024-02-15 19:54:39', NULL),
(140, 10, 'Unlocked', 0, 9, 0, NULL, '2024-02-15 19:54:41', '2024-02-15 19:54:41', NULL),
(141, 10, 'Unlocked', 0, 9, 0, NULL, '2024-02-15 19:54:41', '2024-02-15 19:54:41', NULL),
(142, 10, 'Lock', 0, 9, 0, NULL, '2024-02-15 19:54:53', '2024-02-15 19:54:53', NULL),
(143, 10, 'Lock', 0, 9, 0, NULL, '2024-02-15 19:54:54', '2024-02-15 19:54:54', NULL),
(144, 10, 'Lock', 0, 9, 0, NULL, '2024-02-15 19:54:56', '2024-02-15 19:54:56', NULL),
(145, 10, 'Lock', 0, 9, 0, NULL, '2024-02-15 19:54:56', '2024-02-15 19:54:56', NULL),
(146, 10, 'Unlocked', 0, 9, 0, NULL, '2024-02-16 04:48:30', '2024-02-16 04:48:30', NULL),
(147, 10, 'Unlocked', 0, 9, 0, NULL, '2024-02-16 04:48:30', '2024-02-16 04:48:30', NULL),
(148, 10, 'Lock', 0, 9, 0, NULL, '2024-02-16 04:55:44', '2024-02-16 04:55:44', NULL),
(149, 10, 'Lock', 0, 9, 0, NULL, '2024-02-16 04:55:44', '2024-02-16 04:55:44', NULL),
(150, 9, 'Unlocked', 0, 9, 0, NULL, '2024-02-16 04:55:59', '2024-02-16 04:55:59', NULL),
(151, 9, 'Unlocked', 0, 9, 0, NULL, '2024-02-16 04:55:59', '2024-02-16 04:55:59', NULL),
(152, 10, 'Unlocked', 0, 9, 0, NULL, '2024-02-16 04:59:19', '2024-02-16 04:59:19', NULL),
(153, 10, 'Unlocked', 0, 9, 0, NULL, '2024-02-16 04:59:20', '2024-02-16 04:59:20', NULL),
(154, 9, 'Lock', 0, 9, 0, NULL, '2024-02-16 04:59:26', '2024-02-16 04:59:26', NULL),
(155, 9, 'Lock', 0, 9, 0, NULL, '2024-02-16 04:59:27', '2024-02-16 04:59:27', NULL),
(156, 10, 'Lock', 0, 9, 0, NULL, '2024-02-16 05:04:16', '2024-02-16 05:04:16', NULL),
(157, 10, 'Lock', 0, 9, 0, NULL, '2024-02-16 05:04:17', '2024-02-16 05:04:17', NULL),
(158, 9, 'Unlocked', 0, 9, 0, NULL, '2024-02-16 05:04:22', '2024-02-16 05:04:22', NULL),
(159, 9, 'Unlocked', 0, 9, 0, NULL, '2024-02-16 05:04:23', '2024-02-16 05:04:23', NULL),
(160, 9, 'Lock', 0, 9, 0, NULL, '2024-02-16 05:04:50', '2024-02-16 05:04:50', NULL),
(161, 9, 'Lock', 0, 9, 0, NULL, '2024-02-16 05:05:10', '2024-02-16 05:05:10', NULL),
(162, 9, 'Lock', 0, 9, 0, NULL, '2024-02-16 05:05:10', '2024-02-16 05:05:10', NULL),
(163, 9, 'Lock', 0, 9, 0, NULL, '2024-02-16 05:05:12', '2024-02-16 05:05:12', NULL),
(164, 10, 'Unlocked', 0, 9, 0, NULL, '2024-02-16 05:21:17', '2024-02-16 05:21:17', NULL),
(165, 10, 'Unlocked', 0, 9, 0, NULL, '2024-02-16 05:21:17', '2024-02-16 05:21:17', NULL),
(166, 10, 'Lock', 0, 9, 0, NULL, '2024-02-16 05:39:57', '2024-02-16 05:39:57', NULL),
(167, 10, 'Lock', 0, 9, 0, NULL, '2024-02-16 05:39:58', '2024-02-16 05:39:58', NULL),
(168, 9, 'Unlocked', 0, 9, 0, NULL, '2024-02-17 23:37:16', '2024-02-17 23:37:16', NULL),
(169, 9, 'Unlocked', 0, 9, 0, NULL, '2024-02-17 23:37:17', '2024-02-17 23:37:17', NULL),
(170, 9, 'Lock', 0, 9, 0, NULL, '2024-02-17 23:57:59', '2024-02-17 23:57:59', NULL),
(171, 9, 'Lock', 0, 9, 0, NULL, '2024-02-17 23:57:59', '2024-02-17 23:57:59', NULL),
(172, 9, 'Lock', 0, 9, 0, NULL, '2024-02-17 23:59:08', '2024-02-17 23:59:08', NULL),
(173, 10, 'Unlocked', 0, 9, 0, NULL, '2024-02-17 23:59:39', '2024-02-17 23:59:39', NULL),
(174, 10, 'Unlocked', 0, 9, 0, NULL, '2024-02-17 23:59:39', '2024-02-17 23:59:39', NULL),
(175, 10, 'Lock', 0, 9, 0, NULL, '2024-02-18 00:05:47', '2024-02-18 00:05:47', NULL),
(176, 10, 'Lock', 0, 9, 0, NULL, '2024-02-18 00:05:48', '2024-02-18 00:05:48', NULL),
(177, 10, 'Lock', 0, 9, 0, NULL, '2024-02-18 00:06:07', '2024-02-18 00:06:07', NULL),
(178, 9, 'Unlocked', 0, 9, 0, NULL, '2024-02-18 00:08:11', '2024-02-18 00:08:11', NULL),
(179, 10, 'Unlocked', 0, 9, 0, NULL, '2024-02-18 02:19:16', '2024-02-18 02:19:16', NULL),
(180, 10, 'Unlocked', 0, 9, 0, NULL, '2024-02-18 02:19:17', '2024-02-18 02:19:17', NULL),
(181, 9, 'Lock', 0, 9, 0, NULL, '2024-02-18 02:24:02', '2024-02-18 02:24:02', NULL),
(182, 9, 'Lock', 0, 9, 0, NULL, '2024-02-18 02:24:03', '2024-02-18 02:24:03', NULL),
(183, 9, 'Unlocked', 0, 9, 0, NULL, '2024-02-18 02:33:03', '2024-02-18 02:33:03', NULL),
(184, 9, 'Unlocked', 0, 9, 0, NULL, '2024-02-18 02:33:03', '2024-02-18 02:33:03', NULL),
(185, 9, 'Lock', 0, 9, 0, NULL, '2024-02-18 02:35:08', '2024-02-18 02:35:08', NULL),
(186, 9, 'Lock', 0, 9, 0, NULL, '2024-02-18 02:35:08', '2024-02-18 02:35:08', NULL),
(187, 9, 'Lock', 0, 9, 0, NULL, '2024-02-18 02:35:49', '2024-02-18 02:35:49', NULL),
(188, 9, 'Lock', 0, 9, 0, NULL, '2024-02-18 02:36:00', '2024-02-18 02:36:00', NULL),
(189, 9, 'Lock', 0, 9, 0, NULL, '2024-02-18 02:36:00', '2024-02-18 02:36:00', NULL),
(190, 9, 'Lock', 0, 9, 0, NULL, '2024-02-18 02:36:06', '2024-02-18 02:36:06', NULL),
(191, 9, 'Unlocked', 0, 9, 0, NULL, '2024-02-18 02:36:32', '2024-02-18 02:36:32', NULL),
(192, 9, 'Unlocked', 0, 9, 0, NULL, '2024-02-18 02:36:33', '2024-02-18 02:36:33', NULL),
(193, 9, 'Unlocked', 0, 9, 0, NULL, '2024-02-18 02:36:43', '2024-02-18 02:36:43', NULL),
(194, 10, 'Lock', 0, 9, 0, NULL, '2024-02-18 02:37:25', '2024-02-18 02:37:25', NULL),
(195, 10, 'Lock', 0, 9, 0, NULL, '2024-02-18 02:37:25', '2024-02-18 02:37:25', NULL),
(196, 10, 'Unlocked', 0, 9, 0, NULL, '2024-02-18 02:38:50', '2024-02-18 02:38:50', NULL),
(197, 10, 'Unlocked', 0, 9, 0, NULL, '2024-02-18 02:38:50', '2024-02-18 02:38:50', NULL),
(198, 9, 'Lock', 0, 9, 0, NULL, '2024-02-18 02:44:22', '2024-02-18 02:44:22', NULL),
(199, 9, 'Lock', 0, 9, 0, NULL, '2024-02-18 02:44:23', '2024-02-18 02:44:23', NULL),
(200, 9, 'Lock', 0, 9, 0, NULL, '2024-02-18 02:44:52', '2024-02-18 02:44:52', NULL),
(201, 9, 'Unlocked', 0, 9, 0, NULL, '2024-02-18 02:45:15', '2024-02-18 02:45:15', NULL),
(202, 9, 'Unlocked', 0, 9, 0, NULL, '2024-02-18 02:45:16', '2024-02-18 02:45:16', NULL),
(203, 10, 'Lock', 0, 9, 0, NULL, '2024-02-18 02:49:22', '2024-02-18 02:49:22', NULL),
(204, 10, 'Lock', 0, 9, 0, NULL, '2024-02-18 02:49:23', '2024-02-18 02:49:23', NULL),
(205, 10, 'Lock', 0, 9, 0, NULL, '2024-02-18 02:49:47', '2024-02-18 02:49:47', NULL),
(206, 10, 'Unlocked', 0, 9, 0, NULL, '2024-02-18 02:49:59', '2024-02-18 02:49:59', NULL),
(207, 10, 'Unlocked', 0, 9, 0, NULL, '2024-02-18 02:49:59', '2024-02-18 02:49:59', NULL),
(208, 9, 'Lock', 0, 9, 0, NULL, '2024-02-18 09:00:40', '2024-02-18 09:00:40', NULL),
(209, 9, 'Lock', 0, 9, 0, NULL, '2024-02-18 09:00:41', '2024-02-18 09:00:41', NULL),
(210, 9, 'Unlocked', 0, 9, 0, NULL, '2024-02-18 09:00:54', '2024-02-18 09:00:54', NULL),
(211, 9, 'Unlocked', 0, 9, 0, NULL, '2024-02-18 09:00:55', '2024-02-18 09:00:55', NULL),
(212, 9, 'Unlocked', 0, 9, 0, NULL, '2024-02-18 09:02:10', '2024-02-18 09:02:10', NULL),
(213, 9, 'Unlocked', 0, 9, 0, NULL, '2024-02-18 09:02:10', '2024-02-18 09:02:10', NULL),
(214, 9, 'Lock', 0, 9, 0, NULL, '2024-02-18 09:20:29', '2024-02-18 09:20:29', NULL),
(215, 9, 'Lock', 0, 9, 0, NULL, '2024-02-18 09:20:30', '2024-02-18 09:20:30', NULL),
(216, 9, 'Unlocked', 0, 9, 0, NULL, '2024-02-18 09:20:48', '2024-02-18 09:20:48', NULL),
(217, 9, 'Unlocked', 0, 9, 0, NULL, '2024-02-18 09:20:49', '2024-02-18 09:20:49', NULL),
(218, 9, 'Unlocked', 0, 9, 0, NULL, '2024-02-18 09:21:33', '2024-02-18 09:21:33', NULL),
(219, 9, 'Lock', 0, 9, 0, NULL, '2024-02-18 09:28:06', '2024-02-18 09:28:06', NULL),
(220, 9, 'Lock', 0, 9, 0, NULL, '2024-02-18 09:28:06', '2024-02-18 09:28:06', NULL),
(221, 9, 'Unlocked', 0, 9, 0, NULL, '2024-02-18 09:30:21', '2024-02-18 09:30:21', NULL),
(222, 9, 'Unlocked', 0, 9, 0, NULL, '2024-02-18 09:30:22', '2024-02-18 09:30:22', NULL),
(223, 9, 'Lock', 0, 9, 0, NULL, '2024-02-18 09:34:56', '2024-02-18 09:34:56', NULL),
(224, 9, 'Lock', 0, 9, 0, NULL, '2024-02-18 09:34:57', '2024-02-18 09:34:57', NULL),
(225, 9, 'Unlocked', 0, 9, 0, NULL, '2024-02-18 09:36:41', '2024-02-18 09:36:41', NULL),
(226, 9, 'Unlocked', 0, 9, 0, NULL, '2024-02-18 09:36:41', '2024-02-18 09:36:41', NULL),
(227, 9, 'Lock', 0, 9, 0, NULL, '2024-02-18 09:43:08', '2024-02-18 09:43:08', NULL),
(228, 9, 'Lock', 0, 9, 0, NULL, '2024-02-18 09:43:08', '2024-02-18 09:43:08', NULL),
(229, 9, 'Lock', 0, 9, 0, NULL, '2024-02-18 09:44:14', '2024-02-18 09:44:14', NULL),
(230, 9, 'Lock', 0, 9, 0, NULL, '2024-02-18 09:44:15', '2024-02-18 09:44:15', NULL),
(231, 9, 'Unlocked', 0, 9, 0, NULL, '2024-02-18 12:36:34', '2024-02-18 12:36:34', NULL),
(232, 9, 'Unlocked', 0, 9, 0, NULL, '2024-02-18 12:36:35', '2024-02-18 12:36:35', NULL),
(233, 9, 'Lock', 0, 9, 0, NULL, '2024-02-18 12:36:51', '2024-02-18 12:36:51', NULL),
(234, 9, 'Lock', 0, 9, 0, NULL, '2024-02-18 12:36:51', '2024-02-18 12:36:51', NULL),
(235, 9, 'Unlocked', 0, 9, 0, NULL, '2024-02-18 12:37:27', '2024-02-18 12:37:27', NULL),
(236, 9, 'Unlocked', 0, 9, 0, NULL, '2024-02-18 12:37:27', '2024-02-18 12:37:27', NULL),
(237, 9, 'Unlocked', 0, 9, 0, NULL, '2024-02-18 12:42:11', '2024-02-18 12:42:11', NULL),
(238, 9, 'Unlocked', 0, 9, 0, NULL, '2024-02-18 12:42:12', '2024-02-18 12:42:12', NULL),
(239, 9, 'Unlocked', 0, 9, 0, NULL, '2024-02-18 12:42:34', '2024-02-18 12:42:34', NULL),
(240, 9, 'Unlocked', 0, 9, 0, NULL, '2024-02-18 12:42:34', '2024-02-18 12:42:34', NULL),
(241, 10, 'Lock', 0, 9, 0, NULL, '2024-02-18 12:42:47', '2024-02-18 12:42:47', NULL),
(242, 10, 'Lock', 0, 9, 0, NULL, '2024-02-18 12:42:48', '2024-02-18 12:42:48', NULL),
(243, 9, 'Lock', 0, 9, 0, NULL, '2024-02-18 12:43:07', '2024-02-18 12:43:07', NULL),
(244, 9, 'Lock', 0, 9, 0, NULL, '2024-02-18 12:43:07', '2024-02-18 12:43:07', NULL),
(245, 9, 'Unlocked', 0, 9, 0, NULL, '2024-02-18 12:51:07', '2024-02-18 12:51:07', NULL),
(246, 9, 'Unlocked', 0, 9, 0, NULL, '2024-02-18 12:51:08', '2024-02-18 12:51:08', NULL),
(247, 10, 'Unlocked', 0, 9, 0, NULL, '2024-02-18 12:51:58', '2024-02-18 12:51:58', NULL),
(248, 10, 'Unlocked', 0, 9, 0, NULL, '2024-02-18 12:51:58', '2024-02-18 12:51:58', NULL),
(249, 10, 'Unlocked', 0, 9, 0, NULL, '2024-02-18 12:52:14', '2024-02-18 12:52:14', NULL),
(250, 10, 'Unlocked', 0, 9, 0, NULL, '2024-02-18 12:52:15', '2024-02-18 12:52:15', NULL),
(251, 9, 'Lock', 0, 9, 0, NULL, '2024-02-18 12:52:21', '2024-02-18 12:52:21', NULL),
(252, 9, 'Lock', 0, 9, 0, NULL, '2024-02-18 12:52:22', '2024-02-18 12:52:22', NULL),
(253, 10, 'Lock', 0, 9, 0, NULL, '2024-02-18 12:53:07', '2024-02-18 12:53:07', NULL),
(254, 10, 'Lock', 0, 9, 0, NULL, '2024-02-18 12:53:07', '2024-02-18 12:53:07', NULL),
(255, 10, 'Lock', 0, 9, 0, NULL, '2024-02-18 12:53:24', '2024-02-18 12:53:24', NULL),
(256, 10, 'Lock', 0, 9, 0, NULL, '2024-02-18 12:53:24', '2024-02-18 12:53:24', NULL),
(257, 9, 'Unlocked', 0, 9, 0, NULL, '2024-02-18 12:59:40', '2024-02-18 12:59:40', NULL),
(258, 9, 'Unlocked', 0, 9, 0, NULL, '2024-02-18 12:59:40', '2024-02-18 12:59:40', NULL),
(259, 9, 'Lock', 0, 9, 0, NULL, '2024-02-18 13:00:07', '2024-02-18 13:00:07', NULL),
(260, 9, 'Lock', 0, 9, 0, NULL, '2024-02-18 13:00:08', '2024-02-18 13:00:08', NULL),
(261, 9, 'Unlocked', 0, 9, 0, NULL, '2024-02-18 13:02:09', '2024-02-18 13:02:09', NULL),
(262, 9, 'Unlocked', 0, 9, 0, NULL, '2024-02-18 13:02:09', '2024-02-18 13:02:09', NULL),
(263, 9, 'Lock', 0, 9, 0, NULL, '2024-02-18 13:02:17', '2024-02-18 13:02:17', NULL),
(264, 9, 'Lock', 0, 9, 0, NULL, '2024-02-18 13:02:17', '2024-02-18 13:02:17', NULL),
(265, 9, 'Unlocked', 0, 9, 0, NULL, '2024-02-18 13:03:50', '2024-02-18 13:03:50', NULL),
(266, 9, 'Unlocked', 0, 9, 0, NULL, '2024-02-18 13:03:51', '2024-02-18 13:03:51', NULL),
(267, 9, 'Unlocked', 0, 9, 0, NULL, '2024-02-18 13:03:55', '2024-02-18 13:03:55', NULL),
(268, 9, 'Lock', 0, 9, 0, NULL, '2024-02-18 13:04:03', '2024-02-18 13:04:03', NULL),
(269, 9, 'Lock', 0, 9, 0, NULL, '2024-02-18 13:04:04', '2024-02-18 13:04:04', NULL),
(270, 9, 'Unlocked', 0, 9, 0, NULL, '2024-02-18 13:07:16', '2024-02-18 13:07:16', NULL),
(271, 9, 'Unlocked', 0, 9, 0, NULL, '2024-02-18 13:07:17', '2024-02-18 13:07:17', NULL),
(272, 9, 'Lock', 0, 9, 0, NULL, '2024-02-18 13:07:27', '2024-02-18 13:07:27', NULL),
(273, 9, 'Lock', 0, 9, 0, NULL, '2024-02-18 13:07:27', '2024-02-18 13:07:27', NULL),
(274, 9, 'Lock', 0, 9, 0, NULL, '2024-02-18 13:07:34', '2024-02-18 13:07:34', NULL),
(275, 9, 'Lock', 0, 9, 0, NULL, '2024-02-18 13:07:35', '2024-02-18 13:07:35', NULL),
(276, 10, 'Unlocked', 0, 9, 0, NULL, '2024-02-18 13:07:45', '2024-02-18 13:07:45', NULL),
(277, 10, 'Unlocked', 0, 9, 0, NULL, '2024-02-18 13:07:45', '2024-02-18 13:07:45', NULL),
(278, 10, 'Lock', 0, 9, 0, NULL, '2024-02-18 13:08:15', '2024-02-18 13:08:15', NULL),
(279, 10, 'Lock', 0, 9, 0, NULL, '2024-02-18 13:08:16', '2024-02-18 13:08:16', NULL),
(280, 9, 'Unlocked', 0, 9, 0, NULL, '2024-02-18 13:08:42', '2024-02-18 13:08:42', NULL),
(281, 9, 'Unlocked', 0, 9, 0, NULL, '2024-02-18 13:08:42', '2024-02-18 13:08:42', NULL),
(282, 9, 'Lock', 0, 9, 0, NULL, '2024-02-18 19:26:00', '2024-02-18 19:26:00', NULL),
(283, 9, 'Lock', 0, 9, 0, NULL, '2024-02-18 19:26:00', '2024-02-18 19:26:00', NULL),
(284, 9, 'Unlocked', 0, 9, 0, NULL, '2024-02-18 19:27:20', '2024-02-18 19:27:20', NULL),
(285, 9, 'Unlocked', 0, 9, 0, NULL, '2024-02-18 19:27:20', '2024-02-18 19:27:20', NULL),
(286, 9, 'Unlocked', 0, 9, 0, NULL, '2024-02-18 19:27:49', '2024-02-18 19:27:49', NULL),
(287, 9, 'Lock', 0, 9, 0, NULL, '2024-02-18 19:27:57', '2024-02-18 19:27:57', NULL),
(288, 9, 'Lock', 0, 9, 0, NULL, '2024-02-18 19:27:58', '2024-02-18 19:27:58', NULL),
(289, 9, 'Unlocked', 0, 9, 0, NULL, '2024-02-18 19:28:13', '2024-02-18 19:28:13', NULL),
(290, 9, 'Unlocked', 0, 9, 0, NULL, '2024-02-18 19:28:14', '2024-02-18 19:28:14', NULL),
(291, 9, 'Lock', 0, 9, 0, NULL, '2024-02-18 19:29:22', '2024-02-18 19:29:22', NULL),
(292, 9, 'Lock', 0, 9, 0, NULL, '2024-02-18 19:29:22', '2024-02-18 19:29:22', NULL),
(293, 9, 'Unlocked', 0, 9, 0, NULL, '2024-02-18 19:30:24', '2024-02-18 19:30:24', NULL),
(294, 9, 'Unlocked', 0, 9, 0, NULL, '2024-02-18 19:30:24', '2024-02-18 19:30:24', NULL),
(295, 9, 'Lock', 0, 9, 0, NULL, '2024-02-18 19:35:47', '2024-02-18 19:35:47', NULL),
(296, 9, 'Lock', 0, 9, 0, NULL, '2024-02-18 19:35:48', '2024-02-18 19:35:48', NULL),
(297, 9, 'Unlocked', 0, 9, 0, NULL, '2024-02-18 19:36:06', '2024-02-18 19:36:06', NULL),
(298, 9, 'Unlocked', 0, 9, 0, NULL, '2024-02-18 19:36:07', '2024-02-18 19:36:07', NULL),
(299, 9, 'Lock', 0, 9, 0, NULL, '2024-02-18 19:38:22', '2024-02-18 19:38:22', NULL),
(300, 9, 'Lock', 0, 9, 0, NULL, '2024-02-18 19:38:22', '2024-02-18 19:38:22', NULL),
(301, 9, 'Unlocked', 0, 9, 0, NULL, '2024-02-19 19:29:06', '2024-02-19 19:29:06', NULL),
(302, 9, 'Unlocked', 0, 9, 0, NULL, '2024-02-19 19:29:07', '2024-02-19 19:29:07', NULL),
(303, 9, 'Lock', 0, 9, 0, NULL, '2024-02-19 19:29:25', '2024-02-19 19:29:25', NULL),
(304, 9, 'Lock', 0, 9, 0, NULL, '2024-02-19 19:29:25', '2024-02-19 19:29:25', NULL),
(305, 9, 'Unlocked', 0, 9, 0, NULL, '2024-02-19 19:31:03', '2024-02-19 19:31:03', NULL),
(306, 9, 'Unlocked', 0, 9, 0, NULL, '2024-02-19 19:31:03', '2024-02-19 19:31:03', NULL),
(307, 9, 'Lock', 0, 9, 0, NULL, '2024-02-19 19:31:30', '2024-02-19 19:31:30', NULL),
(308, 9, 'Lock', 0, 9, 0, NULL, '2024-02-19 19:31:30', '2024-02-19 19:31:30', NULL),
(309, 9, 'Unlocked', 0, 9, 0, NULL, '2024-02-19 19:32:32', '2024-02-19 19:32:32', NULL),
(310, 9, 'Unlocked', 0, 9, 0, NULL, '2024-02-19 19:32:32', '2024-02-19 19:32:32', NULL),
(311, 9, 'Lock', 0, 9, 0, NULL, '2024-02-19 19:33:39', '2024-02-19 19:33:39', NULL),
(312, 9, 'Lock', 0, 9, 0, NULL, '2024-02-19 19:33:40', '2024-02-19 19:33:40', NULL),
(313, 10, 'Unlocked', 0, 9, 0, NULL, '2024-02-19 19:33:51', '2024-02-19 19:33:51', NULL),
(314, 10, 'Unlocked', 0, 9, 0, NULL, '2024-02-19 19:33:51', '2024-02-19 19:33:51', NULL),
(315, 10, 'Lock', 0, 9, 0, NULL, '2024-02-19 19:34:16', '2024-02-19 19:34:16', NULL),
(316, 10, 'Lock', 0, 9, 0, NULL, '2024-02-19 19:34:17', '2024-02-19 19:34:17', NULL),
(317, 9, 'Unlocked', 0, 9, 0, NULL, '2024-02-19 19:34:45', '2024-02-19 19:34:45', NULL),
(318, 9, 'Unlocked', 0, 9, 0, NULL, '2024-02-19 19:34:45', '2024-02-19 19:34:45', NULL),
(319, 9, 'Lock', 0, 9, 0, NULL, '2024-02-19 19:37:54', '2024-02-19 19:37:54', NULL),
(320, 9, 'Lock', 0, 9, 0, NULL, '2024-02-19 19:37:54', '2024-02-19 19:37:54', NULL),
(321, 9, 'Lock', 0, 9, 0, NULL, '2024-02-19 19:38:04', '2024-02-19 19:38:04', NULL),
(322, 10, 'Unlocked', 0, 9, 0, NULL, '2024-02-19 19:38:15', '2024-02-19 19:38:15', NULL),
(323, 10, 'Unlocked', 0, 9, 0, NULL, '2024-02-19 19:38:16', '2024-02-19 19:38:16', NULL),
(324, 10, 'Lock', 0, 9, 0, NULL, '2024-02-19 19:40:22', '2024-02-19 19:40:22', NULL),
(325, 10, 'Lock', 0, 9, 0, NULL, '2024-02-19 19:40:22', '2024-02-19 19:40:22', NULL),
(326, 9, 'Unlocked', 0, 9, 0, NULL, '2024-02-19 19:41:48', '2024-02-19 19:41:48', NULL),
(327, 9, 'Unlocked', 0, 9, 0, NULL, '2024-02-19 19:41:48', '2024-02-19 19:41:48', NULL),
(328, 9, 'Lock', 0, 9, 0, NULL, '2024-02-19 19:42:00', '2024-02-19 19:42:00', NULL),
(329, 9, 'Lock', 0, 9, 0, NULL, '2024-02-19 19:42:00', '2024-02-19 19:42:00', NULL),
(330, 9, 'Unlocked', 0, 9, 0, NULL, '2024-02-19 19:43:13', '2024-02-19 19:43:13', NULL),
(331, 9, 'Unlocked', 0, 9, 0, NULL, '2024-02-19 19:43:13', '2024-02-19 19:43:13', NULL),
(332, 9, 'Lock', 0, 9, 0, NULL, '2024-02-19 19:44:17', '2024-02-19 19:44:17', NULL),
(333, 9, 'Lock', 0, 9, 0, NULL, '2024-02-19 19:44:17', '2024-02-19 19:44:17', NULL),
(334, 9, 'Unlocked', 0, 9, 0, NULL, '2024-02-19 19:44:25', '2024-02-19 19:44:25', NULL),
(335, 9, 'Unlocked', 0, 9, 0, NULL, '2024-02-19 19:44:26', '2024-02-19 19:44:26', NULL),
(336, 9, 'Lock', 0, 9, 0, NULL, '2024-02-19 19:44:55', '2024-02-19 19:44:55', NULL),
(337, 9, 'Lock', 0, 9, 0, NULL, '2024-02-19 19:44:56', '2024-02-19 19:44:56', NULL),
(338, 9, 'Unlocked', 0, 9, 0, NULL, '2024-02-19 19:49:38', '2024-02-19 19:49:38', NULL),
(339, 9, 'Lock', 0, 9, 0, NULL, '2024-02-19 19:49:50', '2024-02-19 19:49:50', NULL),
(340, 9, 'Lock', 0, 9, 0, NULL, '2024-02-19 19:49:50', '2024-02-19 19:49:50', NULL),
(341, 10, 'Unlocked', 0, 9, 0, NULL, '2024-02-19 19:57:01', '2024-02-19 19:57:01', NULL),
(342, 10, 'Unlocked', 0, 9, 0, NULL, '2024-02-19 19:57:01', '2024-02-19 19:57:01', NULL),
(343, 10, 'Lock', 0, 9, 0, NULL, '2024-02-19 19:57:14', '2024-02-19 19:57:14', NULL),
(344, 10, 'Lock', 0, 9, 0, NULL, '2024-02-19 19:57:14', '2024-02-19 19:57:14', NULL),
(345, 10, 'Unlocked', 0, 9, 0, NULL, '2024-02-19 20:02:12', '2024-02-19 20:02:12', NULL),
(346, 10, 'Unlocked', 0, 9, 0, NULL, '2024-02-19 20:02:12', '2024-02-19 20:02:12', NULL),
(347, 10, 'Lock', 0, 9, 0, NULL, '2024-02-19 20:02:41', '2024-02-19 20:02:41', NULL),
(348, 10, 'Lock', 0, 9, 0, NULL, '2024-02-19 20:02:41', '2024-02-19 20:02:41', NULL),
(349, 10, 'Unlocked', 0, 9, 0, NULL, '2024-02-19 20:04:40', '2024-02-19 20:04:40', NULL),
(350, 10, 'Unlocked', 0, 9, 0, NULL, '2024-02-19 20:04:40', '2024-02-19 20:04:40', NULL),
(351, 10, 'Lock', 0, 9, 0, NULL, '2024-02-19 20:05:45', '2024-02-19 20:05:45', NULL),
(352, 10, 'Lock', 0, 9, 0, NULL, '2024-02-19 20:05:46', '2024-02-19 20:05:46', NULL),
(353, 10, 'Unlocked', 0, 9, 0, NULL, '2024-02-19 20:11:11', '2024-02-19 20:11:11', NULL),
(354, 10, 'Unlocked', 0, 9, 0, NULL, '2024-02-19 20:11:11', '2024-02-19 20:11:11', NULL),
(355, 10, 'Lock', 0, 9, 0, NULL, '2024-02-19 20:15:44', '2024-02-19 20:15:44', NULL),
(356, 10, 'Lock', 0, 9, 0, NULL, '2024-02-19 20:15:44', '2024-02-19 20:15:44', NULL),
(357, 10, 'Unlocked', 0, 9, 0, NULL, '2024-02-19 20:18:37', '2024-02-19 20:18:37', NULL),
(358, 10, 'Unlocked', 0, 9, 0, NULL, '2024-02-19 20:18:37', '2024-02-19 20:18:37', NULL),
(359, 10, 'Lock', 0, 9, 0, NULL, '2024-02-19 20:22:28', '2024-02-19 20:22:28', NULL),
(360, 10, 'Lock', 0, 9, 0, NULL, '2024-02-19 20:22:29', '2024-02-19 20:22:29', NULL),
(361, 10, 'Unlocked', 0, 9, 0, NULL, '2024-02-19 20:23:23', '2024-02-19 20:23:23', NULL),
(362, 10, 'Unlocked', 0, 9, 0, NULL, '2024-02-19 20:23:24', '2024-02-19 20:23:24', NULL),
(363, 10, 'Lock', 0, 9, 0, NULL, '2024-02-19 20:32:22', '2024-02-19 20:32:22', NULL),
(364, 10, 'Lock', 0, 9, 0, NULL, '2024-02-19 20:32:22', '2024-02-19 20:32:22', NULL),
(365, 10, 'Lock', 0, 9, 0, NULL, '2024-02-19 20:33:50', '2024-02-19 20:33:50', NULL),
(366, 10, 'Lock', 0, 9, 0, NULL, '2024-02-19 20:33:50', '2024-02-19 20:33:50', NULL),
(367, 10, 'Unlocked', 0, 9, 0, NULL, '2024-02-19 21:07:34', '2024-02-19 21:07:34', NULL),
(368, 10, 'Unlocked', 0, 9, 0, NULL, '2024-02-19 21:07:34', '2024-02-19 21:07:34', NULL),
(369, 10, 'Lock', 0, 9, 0, NULL, '2024-02-19 21:09:47', '2024-02-19 21:09:47', NULL),
(370, 10, 'Lock', 0, 9, 0, NULL, '2024-02-19 21:09:47', '2024-02-19 21:09:47', NULL),
(371, 10, 'Lock', 0, 9, 0, NULL, '2024-02-19 21:42:17', '2024-02-19 21:42:17', NULL),
(372, 10, 'Lock', 0, 9, 0, NULL, '2024-02-19 21:42:18', '2024-02-19 21:42:18', NULL),
(374, 9, 'Unlocked', 0, 1000, 0, NULL, '2024-02-20 13:08:35', '2024-02-20 13:08:35', NULL),
(375, 9, 'Unlocked', 0, 1000, 0, NULL, '2024-02-20 13:15:39', '2024-02-20 13:15:39', NULL),
(377, 9, 'Unlocked', 0, 1000, 0, NULL, '2024-02-20 13:16:15', '2024-02-20 13:16:15', NULL),
(378, 9, 'Unlocked', 0, 1000, 0, NULL, '2024-02-20 13:16:49', '2024-02-20 13:16:49', NULL),
(379, 9, 'Unlocked', 0, 1000, 0, NULL, '2024-02-20 13:17:12', '2024-02-20 13:17:12', NULL),
(380, 9, 'Unlocked', 0, 1000, 0, NULL, '2024-02-20 13:19:23', '2024-02-20 13:19:23', NULL),
(381, 9, 'Unlocked', 0, 1000, 0, NULL, '2024-02-20 13:20:36', '2024-02-20 13:20:36', NULL),
(382, 9, 'Locked', 0, 1000, 0, NULL, '2024-02-20 13:25:46', '2024-02-20 13:25:46', NULL),
(383, 9, 'Locked', 0, 1000, 0, NULL, '2024-02-20 13:26:42', '2024-02-20 13:26:42', NULL),
(384, 9, 'Locked', 0, 1000, 0, NULL, '2024-02-20 17:19:29', '2024-02-20 17:19:29', NULL),
(385, 9, 'Locked', 0, 1000, 0, NULL, '2024-02-20 17:21:12', '2024-02-20 17:21:12', NULL),
(386, 9, 'Locked', 0, 1000, 0, NULL, '2024-02-20 17:21:38', '2024-02-20 17:21:38', NULL),
(387, 9, 'Locked', 0, 1000, 0, NULL, '2024-02-20 17:23:14', '2024-02-20 17:23:14', NULL),
(388, 9, 'Locked', 0, 1000, 0, NULL, '2024-02-20 17:23:47', '2024-02-20 17:23:47', NULL),
(389, 9, 'Locked', 0, 1000, 0, NULL, '2024-02-20 17:26:40', '2024-02-20 17:26:40', NULL),
(390, 10, 'Unlocked', 0, 9, 0, NULL, '2024-02-20 17:28:43', '2024-02-20 17:28:43', NULL),
(391, 10, 'Unlocked', 0, 9, 0, NULL, '2024-02-20 17:28:43', '2024-02-20 17:28:43', NULL),
(392, 10, 'Unlocked', 0, 9, 0, NULL, '2024-02-20 17:28:45', '2024-02-20 17:28:45', NULL),
(393, 10, 'Unlocked', 0, 9, 0, NULL, '2024-02-20 17:28:45', '2024-02-20 17:28:45', NULL),
(394, 10, 'Unlocked', 0, 9, 0, NULL, '2024-02-20 17:28:46', '2024-02-20 17:28:46', NULL),
(395, 10, 'Unlocked', 0, 9, 0, NULL, '2024-02-20 17:28:46', '2024-02-20 17:28:46', NULL),
(396, 10, 'Unlocked', 0, 9, 0, NULL, '2024-02-20 17:29:00', '2024-02-20 17:29:00', NULL),
(397, 10, 'Unlocked', 0, 9, 0, NULL, '2024-02-20 17:29:01', '2024-02-20 17:29:01', NULL),
(398, 10, 'Unlocked', 0, 9, 0, NULL, '2024-02-20 17:29:15', '2024-02-20 17:29:15', NULL),
(399, 10, 'Unlocked', 0, 9, 0, NULL, '2024-02-20 17:29:15', '2024-02-20 17:29:15', NULL),
(400, 10, 'Lock', 0, 9, 0, NULL, '2024-02-20 17:32:05', '2024-02-20 17:32:05', NULL),
(401, 10, 'Lock', 0, 9, 0, NULL, '2024-02-20 17:32:06', '2024-02-20 17:32:06', NULL),
(402, 9, 'Locked', 0, 1000, 0, NULL, '2024-02-20 17:36:06', '2024-02-20 17:36:06', NULL),
(403, 9, 'Locked', 0, 1000, 0, NULL, '2024-02-20 17:36:33', '2024-02-20 17:36:33', NULL),
(404, 9, 'Locked', 0, 1000, 0, NULL, '2024-02-20 17:40:10', '2024-02-20 17:40:10', NULL),
(405, 9, 'Locked', 0, 1000, 0, NULL, '2024-02-20 17:40:36', '2024-02-20 17:40:36', NULL),
(406, 9, 'Locked', 0, 1000, 0, NULL, '2024-02-20 17:41:09', '2024-02-20 17:41:09', NULL),
(407, 9, 'Locked', 0, 1000, 0, NULL, '2024-02-20 17:42:04', '2024-02-20 17:42:04', NULL),
(408, 9, 'Locked', 0, 1000, 0, NULL, '2024-02-20 17:42:18', '2024-02-20 17:42:18', NULL),
(409, 9, 'Locked', 0, 1000, 0, NULL, '2024-02-20 17:42:32', '2024-02-20 17:42:32', NULL),
(410, 9, 'Locked', 0, 1000, 0, NULL, '2024-02-20 17:51:20', '2024-02-20 17:51:20', NULL),
(411, 9, 'Locked', 0, 1000, 0, NULL, '2024-02-20 18:07:25', '2024-02-20 18:07:25', NULL),
(412, 10, 'Unlocked', 0, 9, 0, NULL, '2024-02-20 20:47:21', '2024-02-20 20:47:21', NULL),
(413, 10, 'Unlocked', 0, 9, 0, NULL, '2024-02-20 20:47:21', '2024-02-20 20:47:21', NULL),
(414, 10, 'Lock', 0, 9, 0, NULL, '2024-02-20 20:48:44', '2024-02-20 20:48:44', NULL),
(415, 10, 'Lock', 0, 9, 0, NULL, '2024-02-20 20:48:45', '2024-02-20 20:48:45', NULL),
(416, 10, 'Lock', 0, 9, 0, NULL, '2024-02-20 20:48:47', '2024-02-20 20:48:47', NULL),
(417, 10, 'Unlocked', 0, 9, 0, NULL, '2024-02-20 20:48:57', '2024-02-20 20:48:57', NULL),
(418, 10, 'Unlocked', 0, 9, 0, NULL, '2024-02-20 20:48:57', '2024-02-20 20:48:57', NULL),
(419, 10, 'Unlocked', 0, 9, 0, NULL, '2024-02-20 20:49:01', '2024-02-20 20:49:01', NULL),
(420, 10, 'Lock', 0, 9, 0, NULL, '2024-02-20 20:51:50', '2024-02-20 20:51:50', NULL),
(421, 10, 'Lock', 0, 9, 0, NULL, '2024-02-20 20:51:54', '2024-02-20 20:51:54', NULL),
(422, 10, 'Unlocked', 0, 9, 0, NULL, '2024-02-20 20:52:06', '2024-02-20 20:52:06', NULL),
(423, 10, 'Unlocked', 0, 9, 0, NULL, '2024-02-20 20:54:09', '2024-02-20 20:54:09', NULL),
(424, 9, 'Locked', 0, 1000, 0, NULL, '2024-02-20 20:54:51', '2024-02-20 20:54:51', NULL),
(425, 9, 'Locked', 0, 1000, 0, NULL, '2024-02-20 20:55:04', '2024-02-20 20:55:04', NULL),
(426, 9, 'Locked', 0, 1000, 0, NULL, '2024-02-20 20:56:45', '2024-02-20 20:56:45', NULL),
(427, 9, 'Locked', 0, 1000, 0, NULL, '2024-02-20 20:56:58', '2024-02-20 20:56:58', NULL),
(428, 9, 'Locked', 0, 1000, 0, NULL, '2024-02-20 20:57:21', '2024-02-20 20:57:21', NULL),
(429, 9, 'Locked', 0, 1000, 0, NULL, '2024-02-20 21:00:49', '2024-02-20 21:00:49', NULL),
(430, 9, 'Locked', 0, 1000, 0, NULL, '2024-02-20 21:01:09', '2024-02-20 21:01:09', NULL),
(431, 9, 'Locked', 0, 1000, 0, NULL, '2024-02-20 21:01:25', '2024-02-20 21:01:25', NULL),
(432, 9, 'Locked', 0, 1000, 0, NULL, '2024-02-20 21:03:22', '2024-02-20 21:03:22', NULL),
(433, 10, 'Unlocked', 0, 9, 0, NULL, '2024-02-20 21:25:34', '2024-02-20 21:25:34', NULL),
(434, 10, 'Unlocked', 0, 9, 0, NULL, '2024-02-20 21:27:40', '2024-02-20 21:27:40', NULL),
(435, 10, 'Unlocked', 0, 9, 0, NULL, '2024-02-20 21:27:45', '2024-02-20 21:27:45', NULL),
(436, 10, 'Lock', 0, 9, 0, NULL, '2024-02-20 21:28:06', '2024-02-20 21:28:06', NULL),
(437, 10, 'Lock', 0, 9, 0, NULL, '2024-02-20 21:30:02', '2024-02-20 21:30:02', NULL),
(438, 10, 'Lock', 0, 9, 0, NULL, '2024-02-20 21:30:23', '2024-02-20 21:30:23', NULL),
(439, 10, 'Lock', 0, 9, 0, NULL, '2024-02-20 21:34:40', '2024-02-20 21:34:40', NULL),
(440, 10, 'Unlocked', 0, 9, 0, NULL, '2024-02-20 21:35:01', '2024-02-20 21:35:01', NULL),
(441, 10, 'Lock', 0, 9, 0, NULL, '2024-02-20 21:35:50', '2024-02-20 21:35:50', NULL),
(442, 10, 'Unlocked', 0, 9, 0, NULL, '2024-02-20 21:36:11', '2024-02-20 21:36:11', NULL),
(443, 10, 'Lock', 0, 9, 0, NULL, '2024-02-20 21:37:10', '2024-02-20 21:37:10', NULL),
(444, 10, 'Unlocked', 0, 9, 0, NULL, '2024-02-20 21:47:00', '2024-02-20 21:47:00', NULL),
(445, 10, 'Lock', 0, 9, 0, NULL, '2024-02-20 21:49:56', '2024-02-20 21:49:56', NULL),
(446, 10, 'Unlocked', 0, 9, 0, NULL, '2024-02-20 21:50:05', '2024-02-20 21:50:05', NULL),
(447, 10, 'Lock', 0, 9, 0, NULL, '2024-02-20 21:50:17', '2024-02-20 21:50:17', NULL),
(448, 9, 'Locked', 0, 1000, 0, NULL, '2024-02-20 21:51:53', '2024-02-20 21:51:53', NULL),
(449, 9, 'Locked', 0, 1000, 0, NULL, '2024-02-20 22:45:26', '2024-02-20 22:45:26', NULL),
(450, 9, 'Locked', 0, 1000, 0, NULL, '2024-02-20 23:07:46', '2024-02-20 23:07:46', NULL),
(451, 9, 'Unlocked', 0, 9, 0, NULL, '2024-02-21 13:23:26', '2024-02-21 13:23:26', NULL),
(452, 9, 'Lock', 0, 9, 0, NULL, '2024-02-21 13:23:40', '2024-02-21 13:23:40', NULL),
(453, 9, 'Locked', 0, 1000, 0, NULL, '2024-02-21 14:06:29', '2024-02-21 14:06:29', NULL),
(454, 9, 'Unlocked', 0, 1000, 0, NULL, '2024-02-21 14:09:40', '2024-02-21 14:09:40', NULL),
(455, 9, 'Locked', 0, 1000, 0, NULL, '2024-02-21 14:10:19', '2024-02-21 14:10:19', NULL),
(456, 9, 'Unlocked', 0, 9, 0, NULL, '2024-02-21 14:13:53', '2024-02-21 14:13:53', NULL),
(457, 9, 'Unlocked', 0, 1000, 0, NULL, '2024-02-21 14:14:24', '2024-02-21 14:14:24', NULL),
(458, 9, 'Lock', 0, 9, 0, NULL, '2024-02-21 14:17:15', '2024-02-21 14:17:15', NULL),
(459, 9, 'Unlocked', 0, 9, 0, NULL, '2024-02-21 14:17:33', '2024-02-21 14:17:33', NULL),
(460, 9, 'Lock', 0, 9, 0, NULL, '2024-02-21 14:17:59', '2024-02-21 14:17:59', NULL),
(461, 9, 'Unlocked', 0, 1000, 0, NULL, '2024-02-21 14:22:04', '2024-02-21 14:22:04', NULL),
(462, 9, 'Locked', 0, 1000, 0, NULL, '2024-02-21 14:22:20', '2024-02-21 14:22:20', NULL),
(463, 9, 'Unlocked', 0, 9, 0, NULL, '2024-02-21 14:28:16', '2024-02-21 14:28:16', NULL),
(464, 9, 'Lock', 0, 9, 0, NULL, '2024-02-21 14:47:36', '2024-02-21 14:47:36', NULL),
(465, 9, 'Unlocked', 0, 9, 0, NULL, '2024-02-21 14:48:24', '2024-02-21 14:48:24', NULL),
(466, 9, 'Lock', 0, 9, 0, NULL, '2024-02-21 14:50:55', '2024-02-21 14:50:55', NULL),
(467, 9, 'Unlocked', 0, 9, 0, NULL, '2024-02-21 14:52:05', '2024-02-21 14:52:05', NULL),
(468, 9, 'Lock', 0, 9, 0, NULL, '2024-02-21 14:52:35', '2024-02-21 14:52:35', NULL),
(469, 9, 'Unlocked', 0, 9, 0, NULL, '2024-02-21 14:52:51', '2024-02-21 14:52:51', NULL),
(470, 9, 'Lock', 0, 9, 0, NULL, '2024-02-21 14:59:45', '2024-02-21 14:59:45', NULL),
(471, 9, 'Unlocked', 0, 9, 0, NULL, '2024-02-21 14:59:54', '2024-02-21 14:59:54', NULL),
(472, 9, 'Lock', 0, 9, 0, NULL, '2024-02-21 15:00:23', '2024-02-21 15:00:23', NULL),
(473, 9, 'Lock', 0, 9, 0, NULL, '2024-02-21 15:00:42', '2024-02-21 15:00:42', NULL),
(474, 9, 'Unlocked', 0, 9, 0, NULL, '2024-02-21 15:05:23', '2024-02-21 15:05:23', NULL),
(475, 9, 'Lock', 0, 9, 0, NULL, '2024-02-21 15:13:20', '2024-02-21 15:13:20', NULL),
(476, 9, 'Unlocked', 0, 9, 0, NULL, '2024-02-21 15:14:05', '2024-02-21 15:14:05', NULL),
(477, 9, 'Lock', 0, 9, 0, NULL, '2024-02-21 15:14:40', '2024-02-21 15:14:40', NULL),
(478, 9, 'Unlocked', 0, 9, 0, NULL, '2024-02-21 15:19:34', '2024-02-21 15:19:34', NULL),
(479, 9, 'Lock', 0, 9, 0, NULL, '2024-02-21 15:23:33', '2024-02-21 15:23:33', NULL),
(480, 9, 'Unlocked', 0, 9, 0, NULL, '2024-02-21 15:26:18', '2024-02-21 15:26:18', NULL),
(481, 9, 'Lock', 0, 9, 0, NULL, '2024-02-21 15:29:03', '2024-02-21 15:29:03', NULL),
(482, 9, 'Locked', 0, 1000, 0, NULL, '2024-02-21 15:32:45', '2024-02-21 15:32:45', NULL),
(483, 9, 'Unlocked', 0, 1000, 0, NULL, '2024-02-21 15:32:57', '2024-02-21 15:32:57', NULL),
(484, 9, 'Locked', 0, 1000, 0, NULL, '2024-02-21 15:33:43', '2024-02-21 15:33:43', NULL),
(485, 9, 'Unlocked', 0, 1000, 0, NULL, '2024-02-21 15:33:56', '2024-02-21 15:33:56', NULL),
(486, 9, 'Lock', 0, 9, 0, NULL, '2024-02-21 15:39:47', '2024-02-21 15:39:47', NULL),
(487, 9, 'Unlocked', 0, 9, 0, NULL, '2024-02-21 15:40:40', '2024-02-21 15:40:40', NULL),
(488, 9, 'Lock', 0, 9, 0, NULL, '2024-02-21 15:40:58', '2024-02-21 15:40:58', NULL),
(489, 9, 'Unlocked', 0, 9, 0, NULL, '2024-02-21 15:41:14', '2024-02-21 15:41:14', NULL),
(490, 9, 'Lock', 0, 9, 0, NULL, '2024-02-21 15:43:11', '2024-02-21 15:43:11', NULL),
(491, 9, 'Lock', 0, 9, 0, NULL, '2024-02-21 15:43:15', '2024-02-21 15:43:15', NULL),
(492, 9, 'Lock', 0, 9, 0, NULL, '2024-02-21 15:43:17', '2024-02-21 15:43:17', NULL),
(493, 9, 'Lock', 0, 9, 0, NULL, '2024-02-21 15:43:43', '2024-02-21 15:43:43', NULL),
(494, 9, 'Unlocked', 0, 9, 0, NULL, '2024-02-21 15:43:52', '2024-02-21 15:43:52', NULL),
(495, 9, 'Unlocked', 0, 9, 0, NULL, '2024-02-21 15:43:54', '2024-02-21 15:43:54', NULL),
(496, 9, 'Lock', 0, 9, 0, NULL, '2024-02-21 15:44:03', '2024-02-21 15:44:03', NULL),
(497, 9, 'Lock', 0, 9, 0, NULL, '2024-02-21 15:44:14', '2024-02-21 15:44:14', NULL),
(498, 9, 'Unlocked', 0, 9, 0, NULL, '2024-02-21 15:44:32', '2024-02-21 15:44:32', NULL),
(499, 9, 'Lock', 0, 9, 0, NULL, '2024-02-21 15:44:59', '2024-02-21 15:44:59', NULL),
(500, 9, 'Unlocked', 0, 9, 0, NULL, '2024-02-21 15:45:13', '2024-02-21 15:45:13', NULL),
(501, 9, 'Lock', 0, 9, 0, NULL, '2024-02-21 15:45:28', '2024-02-21 15:45:28', NULL),
(502, 9, 'Unlocked', 0, 9, 0, NULL, '2024-02-21 15:45:35', '2024-02-21 15:45:35', NULL),
(503, 9, 'Unlocked', 0, 9, 0, NULL, '2024-02-21 15:45:39', '2024-02-21 15:45:39', NULL),
(504, 9, 'Lock', 0, 9, 0, NULL, '2024-02-21 15:45:52', '2024-02-21 15:45:52', NULL),
(505, 9, 'Lock', 0, 9, 0, NULL, '2024-02-21 15:45:58', '2024-02-21 15:45:58', NULL),
(506, 9, 'Unlocked', 0, 9, 0, NULL, '2024-02-21 19:47:48', '2024-02-21 19:47:48', NULL),
(512, 9, 'Lock', 0, 9, 0, NULL, '2024-02-21 21:20:45', '2024-02-21 21:20:45', NULL),
(513, 9, 'Unlocked', 0, 9, 0, NULL, '2024-02-21 21:23:24', '2024-02-21 21:23:24', NULL),
(514, 9, 'Lock', 0, 9, 0, NULL, '2024-02-21 21:30:25', '2024-02-21 21:30:25', NULL),
(515, 9, 'Unlocked', 0, 9, 0, NULL, '2024-02-21 21:36:24', '2024-02-21 21:36:24', NULL),
(516, 9, 'Lock', 0, 9, 0, NULL, '2024-02-21 21:38:40', '2024-02-21 21:38:40', NULL),
(517, 9, 'Lock', 0, 9, 0, NULL, '2024-02-21 21:40:02', '2024-02-21 21:40:02', NULL),
(518, 9, 'Lock', 0, 9, 0, NULL, '2024-02-21 21:40:35', '2024-02-21 21:40:35', NULL),
(519, 9, 'Unlocked', 0, 9, 0, NULL, '2024-02-21 21:41:31', '2024-02-21 21:41:31', NULL),
(520, 9, 'Lock', 0, 9, 0, NULL, '2024-02-21 22:03:31', '2024-02-21 22:03:31', NULL),
(521, 9, 'Unlocked', 0, 9, 0, NULL, '2024-02-21 22:04:39', '2024-02-21 22:04:39', NULL),
(522, 9, 'Lock', 0, 9, 0, NULL, '2024-02-21 22:05:54', '2024-02-21 22:05:54', NULL),
(523, 9, 'Unlocked', 0, 9, 0, NULL, '2024-02-21 22:11:32', '2024-02-21 22:11:32', NULL),
(524, 9, 'Lock', 0, 9, 0, NULL, '2024-02-21 22:12:40', '2024-02-21 22:12:40', NULL),
(525, 9, 'Locked', 0, 1000, 0, NULL, '2024-02-21 22:17:42', '2024-02-21 22:17:42', NULL),
(526, 9, 'Unlocked', 0, 1000, 0, NULL, '2024-02-21 22:17:57', '2024-02-21 22:17:57', NULL),
(527, 9, 'Locked', 0, 1000, 0, NULL, '2024-02-21 22:55:47', '2024-02-21 22:55:47', NULL),
(528, 9, 'Unlocked', 0, 1000, 0, NULL, '2024-02-21 22:56:07', '2024-02-21 22:56:07', NULL),
(529, 9, 'Unlocked', 0, 1000, 0, NULL, '2024-02-21 22:56:20', '2024-02-21 22:56:20', NULL),
(530, 9, 'Unlocked', 0, 1000, 0, NULL, '2024-02-21 22:56:32', '2024-02-21 22:56:32', NULL),
(531, 9, 'Lock', 0, 9, 0, NULL, '2024-02-22 08:30:56', '2024-02-22 08:30:56', NULL),
(532, 9, 'Lock', 0, 9, 0, NULL, '2024-02-22 08:40:32', '2024-02-22 08:40:32', NULL),
(533, 9, 'Lock', 0, 9, 0, NULL, '2024-02-22 08:40:46', '2024-02-22 08:40:46', NULL),
(534, 9, 'Unlocked', 0, 9, 0, NULL, '2024-02-22 09:11:27', '2024-02-22 09:11:27', NULL),
(535, 9, 'Lock', 0, 9, 0, NULL, '2024-02-22 09:11:40', '2024-02-22 09:11:40', NULL),
(536, 9, 'Unlocked', 0, 9, 0, NULL, '2024-02-22 09:12:18', '2024-02-22 09:12:18', NULL),
(537, 9, 'Lock', 0, 9, 0, NULL, '2024-02-22 09:13:39', '2024-02-22 09:13:39', NULL),
(538, 9, 'Lock', 0, 9, 0, NULL, '2024-02-22 09:13:45', '2024-02-22 09:13:45', NULL),
(539, 9, 'Lock', 0, 9, 0, NULL, '2024-02-22 09:13:50', '2024-02-22 09:13:50', NULL),
(540, 9, 'Lock', 0, 9, 0, NULL, '2024-02-22 09:13:51', '2024-02-22 09:13:51', NULL),
(541, 9, 'Lock', 0, 9, 0, NULL, '2024-02-22 09:13:52', '2024-02-22 09:13:52', NULL),
(542, 9, 'Lock', 0, 9, 0, NULL, '2024-02-22 09:13:54', '2024-02-22 09:13:54', NULL),
(544, 9, 'Unlocked', 0, 9, 0, NULL, '2024-02-22 09:22:50', '2024-02-22 09:22:50', NULL),
(545, 9, 'Lock', 0, 9, 0, NULL, '2024-02-22 09:23:51', '2024-02-22 09:23:51', NULL),
(573, 9, 'Unlocked', 0, 9, 0, NULL, '2024-02-27 14:35:00', '2024-02-27 14:35:00', NULL),
(575, 9, 'Lock', 0, 9, 0, NULL, '2024-02-27 14:37:14', '2024-02-27 14:37:14', NULL),
(576, 9, 'Unlocked', 0, 9, 0, NULL, '2024-02-27 14:39:31', '2024-02-27 14:39:31', NULL),
(577, 9, 'Lock', 0, 9, 0, NULL, '2024-02-27 14:43:15', '2024-02-27 14:43:15', NULL),
(578, 9, 'Unlocked', 0, 9, 0, NULL, '2024-02-27 14:47:27', '2024-02-27 14:47:27', NULL),
(579, 9, 'Lock', 0, 9, 0, NULL, '2024-02-27 14:51:16', '2024-02-27 14:51:16', NULL),
(580, 9, 'Unlocked', 0, 9, 0, NULL, '2024-02-27 14:53:51', '2024-02-27 14:53:51', NULL),
(581, 9, 'Lock', 0, 9, 0, NULL, '2024-02-27 14:54:20', '2024-02-27 14:54:20', NULL),
(582, 9, 'Unlocked', 0, 9, 0, NULL, '2024-02-27 14:54:29', '2024-02-27 14:54:29', NULL),
(583, 9, 'Lock', 0, 9, 0, NULL, '2024-02-27 14:55:32', '2024-02-27 14:55:32', NULL),
(584, 9, 'Unlocked', 0, 9, 0, NULL, '2024-02-27 14:55:43', '2024-02-27 14:55:43', NULL),
(585, 9, 'Lock', 0, 9, 0, NULL, '2024-02-27 14:58:55', '2024-02-27 14:58:55', NULL),
(586, 9, 'Unlocked', 0, 9, 0, NULL, '2024-02-27 14:59:07', '2024-02-27 14:59:07', NULL),
(587, 9, 'Lock', 0, 9, 0, NULL, '2024-02-27 15:04:11', '2024-02-27 15:04:11', NULL),
(588, 9, 'Unlocked', 0, 9, 0, NULL, '2024-02-27 15:04:18', '2024-02-27 15:04:18', NULL),
(589, 9, 'Lock', 0, 9, 0, NULL, '2024-02-27 15:05:10', '2024-02-27 15:05:10', NULL),
(590, 9, 'Unlocked', 0, 9, 0, NULL, '2024-02-27 15:05:17', '2024-02-27 15:05:17', NULL),
(591, 9, 'Lock', 0, 9, 0, NULL, '2024-02-27 15:06:41', '2024-02-27 15:06:41', NULL),
(592, 9, 'Unlocked', 0, 9, 0, NULL, '2024-02-27 15:08:26', '2024-02-27 15:08:26', NULL),
(593, 9, 'Lock', 0, 9, 0, NULL, '2024-02-27 15:11:24', '2024-02-27 15:11:24', NULL),
(594, 9, 'Unlocked', 0, 9, 0, NULL, '2024-02-27 15:12:58', '2024-02-27 15:12:58', NULL),
(595, 9, 'Lock', 0, 9, 0, NULL, '2024-02-27 15:17:39', '2024-02-27 15:17:39', NULL),
(596, 9, 'Unlocked', 0, 9, 0, NULL, '2024-02-27 15:17:57', '2024-02-27 15:17:57', NULL),
(597, 9, 'Lock', 0, 9, 0, NULL, '2024-02-27 15:19:37', '2024-02-27 15:19:37', NULL),
(598, 9, 'Unlocked', 0, 9, 0, NULL, '2024-02-27 15:23:20', '2024-02-27 15:23:20', NULL),
(599, 9, 'Lock', 0, 9, 0, NULL, '2024-02-27 15:24:56', '2024-02-27 15:24:56', NULL),
(600, 9, 'Unlocked', 0, 9, 0, NULL, '2024-02-27 15:31:12', '2024-02-27 15:31:12', NULL),
(601, 9, 'Lock', 0, 9, 0, NULL, '2024-02-27 15:35:13', '2024-02-27 15:35:13', NULL),
(602, 9, 'Lock', 0, 9, 0, NULL, '2024-02-27 15:35:15', '2024-02-27 15:35:15', NULL),
(603, 9, 'Lock', 0, 9, 0, NULL, '2024-02-27 15:36:47', '2024-02-27 15:36:47', NULL),
(604, 9, 'Unlocked', 0, 9, 0, NULL, '2024-02-27 15:37:03', '2024-02-27 15:37:03', NULL),
(605, 9, 'Lock', 0, 9, 0, NULL, '2024-02-27 15:40:19', '2024-02-27 15:40:19', NULL),
(606, 9, 'Unlocked', 0, 9, 0, NULL, '2024-02-27 15:43:46', '2024-02-27 15:43:46', NULL),
(607, 9, 'Lock', 0, 9, 0, NULL, '2024-02-27 18:59:28', '2024-02-27 18:59:28', NULL),
(608, 9, 'Unlocked', 0, 9, 0, NULL, '2024-02-27 19:03:21', '2024-02-27 19:03:21', NULL),
(609, 9, 'Lock', 0, 9, 0, NULL, '2024-02-27 19:03:45', '2024-02-27 19:03:45', NULL),
(610, 9, 'Unlocked', 0, 9, 0, NULL, '2024-02-27 19:09:56', '2024-02-27 19:09:56', NULL),
(611, 9, 'Lock', 0, 9, 0, NULL, '2024-02-27 19:12:38', '2024-02-27 19:12:38', NULL),
(612, 9, 'Unlocked', 0, 9, 0, NULL, '2024-02-27 19:12:54', '2024-02-27 19:12:54', NULL),
(613, 9, 'Unlocked', 0, 1000, 0, NULL, '2024-02-27 19:42:52', '2024-02-27 19:42:52', NULL),
(614, 9, 'Locked', 0, 1000, 0, NULL, '2024-02-27 19:43:04', '2024-02-27 19:43:04', NULL),
(616, 9, 'Unlocked', 0, 9, 0, NULL, '2024-02-27 19:44:42', '2024-02-27 19:44:42', NULL),
(617, 9, 'Lock', 0, 9, 0, NULL, '2024-02-27 19:44:54', '2024-02-27 19:44:54', NULL),
(618, 9, 'Unlocked', 0, 9, 0, NULL, '2024-02-27 19:45:06', '2024-02-27 19:45:06', NULL),
(623, 9, 'Locked', 0, 1000, 0, NULL, '2024-02-28 10:06:07', '2024-02-28 10:06:07', NULL),
(624, 9, 'Locked', 0, 1000, 0, NULL, '2024-02-28 10:23:30', '2024-02-28 10:23:30', NULL);
INSERT INTO `door_status_setters` (`id`, `door_id`, `status`, `door_schedule_id`, `user_id`, `my_permission_id`, `count`, `created_at`, `updated_at`, `deleted_at`) VALUES
(625, 9, 'Unlocked', 0, 9, 0, NULL, '2024-02-28 10:24:10', '2024-02-28 10:24:10', NULL),
(626, 9, 'Lock', 0, 9, 0, NULL, '2024-02-28 10:24:25', '2024-02-28 10:24:25', NULL),
(627, 9, 'Locked', 0, 1000, 0, NULL, '2024-02-28 10:26:27', '2024-02-28 10:26:27', NULL),
(628, 9, 'Unlocked', 0, 1000, 0, NULL, '2024-02-28 10:26:44', '2024-02-28 10:26:44', NULL),
(629, 9, 'Lock', 0, 9, 0, NULL, '2024-02-28 10:31:15', '2024-02-28 10:31:15', NULL),
(630, 9, 'Unlocked', 0, 9, 0, NULL, '2024-02-28 10:31:24', '2024-02-28 10:31:24', NULL),
(631, 9, 'Locked', 0, 1000, 0, NULL, '2024-02-28 10:36:25', '2024-02-28 10:36:25', NULL),
(632, 9, 'Unlocked', 0, 1000, 0, NULL, '2024-02-28 11:21:05', '2024-02-28 11:21:05', NULL),
(633, 9, 'Locked', 0, 1000, 0, NULL, '2024-02-28 11:21:20', '2024-02-28 11:21:20', NULL),
(634, 9, 'Unlocked', 0, 1000, 0, NULL, '2024-02-28 11:21:31', '2024-02-28 11:21:31', NULL),
(635, 9, 'Locked', 0, 1000, 0, NULL, '2024-02-28 11:21:42', '2024-02-28 11:21:42', NULL),
(636, 9, 'Unlocked', 0, 1000, 0, NULL, '2024-02-28 11:24:38', '2024-02-28 11:24:38', NULL),
(637, 9, 'Lock', 0, 9, 0, NULL, '2024-02-28 11:30:43', '2024-02-28 11:30:43', NULL),
(638, 9, 'Lock', 0, 9, 0, NULL, '2024-02-28 11:30:44', '2024-02-28 11:30:44', NULL),
(639, 9, 'Lock', 0, 9, 0, NULL, '2024-02-28 11:30:54', '2024-02-28 11:30:54', NULL),
(640, 9, 'Unlocked', 0, 9, 0, NULL, '2024-02-28 11:31:08', '2024-02-28 11:31:08', NULL),
(641, 9, 'Locked', 0, 1000, 0, NULL, '2024-02-28 11:51:45', '2024-02-28 11:51:45', NULL),
(642, 9, 'Unlocked', 0, 1000, 0, NULL, '2024-02-28 11:52:27', '2024-02-28 11:52:27', NULL),
(643, 9, 'Locked', 0, 1000, 0, NULL, '2024-02-28 11:52:57', '2024-02-28 11:52:57', NULL),
(644, 9, 'Unlocked', 0, 1000, 0, NULL, '2024-02-28 11:53:10', '2024-02-28 11:53:10', NULL),
(645, 9, 'Locked', 0, 1000, 0, NULL, '2024-02-28 11:53:22', '2024-02-28 11:53:22', NULL),
(646, 9, 'Lock', 0, 9, 0, NULL, '2024-02-28 11:57:12', '2024-02-28 11:57:12', NULL),
(647, 9, 'Unlocked', 0, 9, 0, NULL, '2024-02-28 11:57:27', '2024-02-28 11:57:27', NULL),
(649, 9, 'Lock', 0, 9, 0, NULL, '2024-03-02 15:48:21', '2024-03-02 15:48:21', NULL),
(651, 9, 'Unlocked', 0, 9, 0, NULL, '2024-03-02 17:20:35', '2024-03-02 17:20:35', NULL),
(653, 9, 'Lock', 0, 9, 0, NULL, '2024-03-02 17:21:13', '2024-03-02 17:21:13', NULL),
(654, 9, 'Unlocked', 0, 9, 0, NULL, '2024-03-02 17:21:58', '2024-03-02 17:21:58', NULL),
(655, 9, 'Unlocked', 0, 1000, 0, NULL, '2024-03-02 17:23:43', '2024-03-02 17:23:43', NULL),
(656, 9, 'Locked', 0, 1000, 0, NULL, '2024-03-02 17:23:54', '2024-03-02 17:23:54', NULL),
(657, 9, 'Locked', 0, 1000, 0, NULL, '2024-03-02 17:24:06', '2024-03-02 17:24:06', NULL),
(658, 9, 'Unlocked', 0, 1000, 0, NULL, '2024-03-02 17:24:18', '2024-03-02 17:24:18', NULL),
(659, 9, 'Unlocked', 0, 1000, 0, NULL, '2024-03-02 17:24:29', '2024-03-02 17:24:29', NULL),
(660, 9, 'Locked', 0, 1000, 0, NULL, '2024-03-02 17:24:42', '2024-03-02 17:24:42', NULL),
(661, 9, 'Locked', 0, 1000, 0, NULL, '2024-03-02 17:25:08', '2024-03-02 17:25:08', NULL),
(662, 9, 'Unlocked', 0, 1000, 0, NULL, '2024-03-02 17:25:26', '2024-03-02 17:25:26', NULL),
(663, 9, 'Locked', 0, 1000, 0, NULL, '2024-03-02 17:25:48', '2024-03-02 17:25:48', NULL),
(664, 9, 'Unlocked', 0, 1000, 0, NULL, '2024-03-02 17:25:59', '2024-03-02 17:25:59', NULL),
(665, 9, 'Locked', 0, 1000, 0, NULL, '2024-03-02 17:38:15', '2024-03-02 17:38:15', NULL),
(666, 9, 'Locked', 0, 1000, 0, NULL, '2024-03-02 17:59:56', '2024-03-02 17:59:56', NULL),
(667, 9, 'Unlocked', 0, 1000, 0, NULL, '2024-03-02 18:00:20', '2024-03-02 18:00:20', NULL),
(668, 9, 'Unlocked', 0, 1000, 0, NULL, '2024-03-02 18:00:33', '2024-03-02 18:00:33', NULL),
(669, 9, 'Locked', 0, 1000, 0, NULL, '2024-03-02 18:00:45', '2024-03-02 18:00:45', NULL),
(670, 9, 'Locked', 0, 1000, 0, NULL, '2024-03-02 18:02:20', '2024-03-02 18:02:20', NULL),
(671, 9, 'Unlocked', 0, 1000, 0, NULL, '2024-03-02 18:02:31', '2024-03-02 18:02:31', NULL),
(672, 9, 'Unlocked', 0, 1000, 0, NULL, '2024-03-02 18:04:33', '2024-03-02 18:04:33', NULL),
(673, 9, 'Unlocked', 0, 1000, 0, NULL, '2024-03-02 18:04:59', '2024-03-02 18:04:59', NULL),
(674, 9, 'Locked', 0, 1000, 0, NULL, '2024-03-02 18:05:16', '2024-03-02 18:05:16', NULL),
(675, 9, 'Locked', 0, 1000, 0, NULL, '2024-03-02 18:07:21', '2024-03-02 18:07:21', NULL),
(676, 9, 'Unlocked', 0, 1000, 0, NULL, '2024-03-02 18:07:32', '2024-03-02 18:07:32', NULL),
(677, 9, 'Lock', 0, 9, 0, NULL, '2024-03-02 18:11:15', '2024-03-02 18:11:15', NULL),
(678, 9, 'Unlocked', 0, 9, 0, NULL, '2024-03-02 18:11:23', '2024-03-02 18:11:23', NULL),
(679, 9, 'Lock', 0, 9, 0, NULL, '2024-03-02 18:12:05', '2024-03-02 18:12:05', NULL),
(680, 9, 'Unlocked', 0, 9, 0, NULL, '2024-03-02 18:12:13', '2024-03-02 18:12:13', NULL),
(681, 9, 'Lock', 0, 9, 0, NULL, '2024-03-02 18:12:38', '2024-03-02 18:12:38', NULL),
(682, 9, 'Unlocked', 0, 9, 0, NULL, '2024-03-02 18:12:43', '2024-03-02 18:12:43', NULL),
(683, 9, 'Lock', 0, 9, 0, NULL, '2024-03-02 18:13:10', '2024-03-02 18:13:10', NULL),
(684, 9, 'Unlocked', 0, 9, 0, NULL, '2024-03-02 18:13:42', '2024-03-02 18:13:42', NULL),
(688, 9, 'Lock', 0, 9, 0, NULL, '2024-03-02 20:01:58', '2024-03-02 20:01:58', NULL),
(689, 9, 'Unlocked', 0, 9, 0, NULL, '2024-03-02 20:02:04', '2024-03-02 20:02:04', NULL),
(690, 9, 'Lock', 0, 9, 0, NULL, '2024-03-03 14:38:58', '2024-03-03 14:38:58', NULL),
(692, 9, 'Unlocked', 0, 9, 0, NULL, '2024-03-03 14:58:56', '2024-03-03 14:58:56', NULL),
(693, 9, 'Lock', 0, 9, 0, NULL, '2024-03-04 08:22:10', '2024-03-04 08:22:10', NULL),
(694, 9, 'Unlocked', 0, 9, 0, NULL, '2024-03-04 08:23:12', '2024-03-04 08:23:12', NULL),
(695, 9, 'Lock', 0, 9, 0, NULL, '2024-03-04 08:48:53', '2024-03-04 08:48:53', NULL),
(696, 9, 'Unlocked', 0, 9, 0, NULL, '2024-03-04 08:49:01', '2024-03-04 08:49:01', NULL),
(697, 9, 'Lock', 0, 9, 0, NULL, '2024-03-04 08:49:31', '2024-03-04 08:49:31', NULL),
(698, 9, 'Unlocked', 0, 9, 0, NULL, '2024-03-04 08:49:51', '2024-03-04 08:49:51', NULL),
(699, 9, 'Lock', 0, 9, 0, NULL, '2024-03-04 08:53:54', '2024-03-04 08:53:54', NULL),
(700, 9, 'Unlocked', 0, 9, 0, NULL, '2024-03-04 08:54:07', '2024-03-04 08:54:07', NULL),
(701, 9, 'Lock', 0, 9, 0, NULL, '2024-03-04 08:55:15', '2024-03-04 08:55:15', NULL),
(702, 9, 'Unlocked', 0, 9, 0, NULL, '2024-03-04 08:55:57', '2024-03-04 08:55:57', NULL),
(703, 9, 'Lock', 0, 9, 0, NULL, '2024-03-04 09:14:18', '2024-03-04 09:14:18', NULL),
(704, 9, 'Unlocked', 0, 9, 0, NULL, '2024-03-04 09:14:53', '2024-03-04 09:14:53', NULL),
(705, 9, 'Unlocked', 0, 1000, 0, NULL, '2024-03-04 09:21:31', '2024-03-04 09:21:31', NULL),
(706, 9, 'Unlocked', 0, 1000, 0, NULL, '2024-03-04 09:23:34', '2024-03-04 09:23:34', NULL),
(707, 9, 'Locked', 0, 1000, 0, NULL, '2024-03-04 09:24:31', '2024-03-04 09:24:31', NULL),
(708, 9, 'Locked', 0, 1000, 0, NULL, '2024-03-04 09:27:01', '2024-03-04 09:27:01', NULL),
(709, 9, 'Unlocked', 0, 1000, 0, NULL, '2024-03-04 09:27:24', '2024-03-04 09:27:24', NULL),
(710, 9, 'Unlocked', 0, 1000, 0, NULL, '2024-03-04 09:27:36', '2024-03-04 09:27:36', NULL),
(711, 9, 'Locked', 0, 1000, 0, NULL, '2024-03-04 09:27:56', '2024-03-04 09:27:56', NULL),
(712, 9, 'Locked', 0, 1000, 0, NULL, '2024-03-04 09:28:07', '2024-03-04 09:28:07', NULL),
(713, 9, 'Locked', 0, 1000, 0, NULL, '2024-03-04 09:41:14', '2024-03-04 09:41:14', NULL),
(714, 9, 'Locked', 0, 1000, 0, NULL, '2024-03-04 09:41:33', '2024-03-04 09:41:33', NULL),
(715, 9, 'Locked', 0, 1000, 0, NULL, '2024-03-04 09:42:59', '2024-03-04 09:42:59', NULL),
(716, 9, 'Locked', 0, 1000, 0, NULL, '2024-03-04 09:43:21', '2024-03-04 09:43:21', NULL),
(717, 9, 'Unlocked', 0, 1000, 0, NULL, '2024-03-04 09:46:19', '2024-03-04 09:46:19', NULL),
(718, 9, 'Unlocked', 0, 1000, 0, NULL, '2024-03-04 09:46:44', '2024-03-04 09:46:44', NULL),
(719, 9, 'Unlocked', 0, 1000, 0, NULL, '2024-03-04 09:48:22', '2024-03-04 09:48:22', NULL),
(720, 9, 'Unlocked', 0, 1000, 0, NULL, '2024-03-04 09:49:17', '2024-03-04 09:49:17', NULL),
(721, 9, 'Locked', 0, 1000, 0, NULL, '2024-03-04 09:58:10', '2024-03-04 09:58:10', NULL),
(722, 9, 'Unlocked', 0, 9, 0, NULL, '2024-03-04 13:18:36', '2024-03-04 13:18:36', NULL),
(728, 9, 'Lock', 0, 9, 0, NULL, '2024-03-04 13:39:07', '2024-03-04 13:39:07', NULL),
(729, 9, 'Unlocked', 0, 9, 0, NULL, '2024-03-04 13:39:58', '2024-03-04 13:39:58', NULL),
(730, 9, 'Locked', 0, 1000, 0, NULL, '2024-03-04 13:48:38', '2024-03-04 13:48:38', NULL),
(731, 9, 'Unlocked', 0, 1000, 0, NULL, '2024-03-04 13:49:00', '2024-03-04 13:49:00', NULL),
(732, 9, 'Locked', 0, 1000, 0, NULL, '2024-03-04 13:49:16', '2024-03-04 13:49:16', NULL),
(733, 9, 'Unlocked', 0, 1000, 0, NULL, '2024-03-04 13:49:36', '2024-03-04 13:49:36', NULL),
(734, 9, 'Locked', 0, 1000, 0, NULL, '2024-03-14 07:54:01', '2024-03-14 07:54:01', NULL),
(735, 9, 'Unlocked', 0, 9, 0, NULL, '2024-03-14 07:58:49', '2024-03-14 07:58:49', NULL),
(736, 9, 'Lock', 0, 9, 0, NULL, '2024-03-14 08:00:39', '2024-03-14 08:00:39', NULL),
(737, 9, 'Unlocked', 0, 1000, 0, NULL, '2024-03-14 08:28:10', '2024-03-14 08:28:10', NULL),
(738, 9, 'Locked', 0, 1000, 0, NULL, '2024-03-14 08:28:35', '2024-03-14 08:28:35', NULL),
(739, 9, 'Unlocked', 0, 1000, 0, NULL, '2024-03-14 08:44:14', '2024-03-14 08:44:14', NULL),
(740, 9, 'Lock', 0, 9, 0, NULL, '2024-03-14 08:48:55', '2024-03-14 08:48:55', NULL),
(741, 9, 'Unlocked', 0, 9, 0, NULL, '2024-03-14 08:49:34', '2024-03-14 08:49:34', NULL),
(742, 9, 'Lock', 0, 9, 0, NULL, '2024-03-14 08:49:55', '2024-03-14 08:49:55', NULL),
(743, 9, 'Unlocked', 0, 9, 0, NULL, '2024-03-14 09:03:58', '2024-03-14 09:03:58', NULL),
(744, 9, 'Unlocked', 0, 9, 0, NULL, '2024-03-14 09:03:58', '2024-03-14 09:03:58', NULL),
(745, 9, 'Lock', 0, 9, 0, NULL, '2024-03-14 09:05:23', '2024-03-14 09:05:23', NULL),
(746, 9, 'Unlocked', 0, 1000, 0, NULL, '2024-03-14 09:09:21', '2024-03-14 09:09:21', NULL),
(750, 9, 'Locked', 0, 1000, 0, NULL, '2024-03-28 19:20:06', '2024-03-28 19:20:06', NULL),
(751, 9, 'Unlocked', 0, 1000, 0, NULL, '2024-03-28 19:21:00', '2024-03-28 19:21:00', NULL),
(752, 9, 'Locked', 0, 1000, 0, NULL, '2024-03-28 19:21:16', '2024-03-28 19:21:16', NULL),
(753, 9, 'Unlocked', 0, 1000, 0, NULL, '2024-03-28 19:21:29', '2024-03-28 19:21:29', NULL),
(754, 9, 'Locked', 0, 1000, 0, NULL, '2024-03-28 19:22:12', '2024-03-28 19:22:12', NULL),
(755, 9, 'Unlocked', 0, 1000, 0, NULL, '2024-03-28 19:23:49', '2024-03-28 19:23:49', NULL),
(756, 9, 'Locked', 0, 1000, 0, NULL, '2024-03-28 19:24:14', '2024-03-28 19:24:14', NULL),
(757, 9, 'Unlocked', 0, 1000, 0, NULL, '2024-03-28 19:24:46', '2024-03-28 19:24:46', NULL),
(758, 9, 'Locked', 0, 1000, 0, NULL, '2024-03-28 19:27:53', '2024-03-28 19:27:53', NULL),
(759, 9, 'Unlocked', 0, 1000, 0, NULL, '2024-03-28 19:28:08', '2024-03-28 19:28:08', NULL),
(760, 9, 'Lock', 0, 9, 0, NULL, '2024-03-29 06:25:17', '2024-03-29 06:25:17', NULL),
(761, 9, 'Unlocked', 0, 9, 0, NULL, '2024-03-29 06:25:32', '2024-03-29 06:25:32', NULL),
(762, 9, 'Lock', 0, 9, 0, NULL, '2024-03-29 06:25:52', '2024-03-29 06:25:52', NULL),
(763, 9, 'Unlocked', 0, 9, 0, NULL, '2024-03-29 06:26:14', '2024-03-29 06:26:14', NULL),
(764, 9, 'Lock', 0, 9, 0, NULL, '2024-03-29 06:31:00', '2024-03-29 06:31:00', NULL),
(765, 9, 'Unlocked', 0, 9, 0, NULL, '2024-03-29 06:31:11', '2024-03-29 06:31:11', NULL),
(766, 9, 'Lock', 0, 9, 0, NULL, '2024-03-29 06:32:22', '2024-03-29 06:32:22', NULL),
(767, 9, 'Unlocked', 0, 9, 0, NULL, '2024-03-29 06:32:36', '2024-03-29 06:32:36', NULL),
(768, 9, 'Lock', 0, 9, 0, NULL, '2024-03-29 06:32:46', '2024-03-29 06:32:46', NULL),
(769, 9, 'Unlocked', 0, 9, 0, NULL, '2024-03-29 06:33:40', '2024-03-29 06:33:40', NULL),
(770, 9, 'Lock', 0, 9, 0, NULL, '2024-03-29 06:35:26', '2024-03-29 06:35:26', NULL),
(771, 9, 'Unlocked', 0, 9, 0, NULL, '2024-03-29 06:36:04', '2024-03-29 06:36:04', NULL),
(772, 9, 'Lock', 0, 9, 0, NULL, '2024-03-29 06:37:21', '2024-03-29 06:37:21', NULL);

-- --------------------------------------------------------

--
-- Table structure for table `failed_jobs`
--

CREATE TABLE `failed_jobs` (
  `id` bigint(20) UNSIGNED NOT NULL,
  `uuid` varchar(255) NOT NULL,
  `connection` text NOT NULL,
  `queue` text NOT NULL,
  `payload` longtext NOT NULL,
  `exception` longtext NOT NULL,
  `failed_at` timestamp NOT NULL DEFAULT current_timestamp()
) ENGINE=InnoDB DEFAULT CHARSET=utf8mb4 COLLATE=utf8mb4_unicode_ci;

-- --------------------------------------------------------

--
-- Table structure for table `kenyas`
--

CREATE TABLE `kenyas` (
  `id` bigint(20) UNSIGNED NOT NULL,
  `created_at` timestamp NULL DEFAULT NULL,
  `updated_at` timestamp NULL DEFAULT NULL
) ENGINE=InnoDB DEFAULT CHARSET=utf8mb4 COLLATE=utf8mb4_unicode_ci;

-- --------------------------------------------------------

--
-- Table structure for table `migrations`
--

CREATE TABLE `migrations` (
  `id` int(10) UNSIGNED NOT NULL,
  `migration` varchar(255) NOT NULL,
  `batch` int(11) NOT NULL
) ENGINE=InnoDB DEFAULT CHARSET=utf8mb4 COLLATE=utf8mb4_unicode_ci;

--
-- Dumping data for table `migrations`
--

INSERT INTO `migrations` (`id`, `migration`, `batch`) VALUES
(1, '2014_10_12_000000_create_users_table', 1),
(2, '2014_10_12_100000_create_password_reset_tokens_table', 1),
(3, '2016_06_01_000001_create_oauth_auth_codes_table', 1),
(4, '2016_06_01_000002_create_oauth_access_tokens_table', 1),
(5, '2016_06_01_000003_create_oauth_refresh_tokens_table', 1),
(6, '2016_06_01_000004_create_oauth_clients_table', 1),
(7, '2016_06_01_000005_create_oauth_personal_access_clients_table', 1),
(8, '2019_08_19_000000_create_failed_jobs_table', 1),
(9, '2019_12_14_000001_create_personal_access_tokens_table', 1),
(10, '2024_01_16_084102_create_kenyas_table', 2),
(11, '2024_01_16_093935_create_units_table', 3),
(12, '2024_01_16_094010_create_roles_table', 3),
(13, '2024_01_16_094011_create_my_units_table', 3),
(14, '2024_01_16_095022_create_door_statuses_table', 4),
(15, '2024_01_16_095118_create_door_status_setters_table', 5),
(16, '2024_01_16_100059_create_door_sechedule_permissions_table', 5),
(17, '2024_01_16_100060_create_door_sechedules_table', 5),
(18, '2024_01_16_100130_create_door_sechedule_counters_table', 5),
(19, '2024_01_16_100131_create_permissions_table', 5),
(20, '2024_01_16_100132_create_my_permissions_table', 5),
(21, '2024_01_16_134859_create_my_permission_counters_table', 5),
(22, '2024_01_16_134861_create_roles_table', 6),
(23, '2024_01_16_134866_create_roles_table', 7),
(24, '2024_01_16_134867_create_my_units_table', 7),
(25, '2024_01_28_015147_create_my_permission_doors_table', 8),
(26, '2024_01_28_021140_create_my_permission_doors_table', 9),
(27, '2024_02_01_122524_create_door_schedule_permissions_table', 10),
(28, '2024_02_01_123930_create_door_schedules_table', 10),
(29, '2024_02_01_125648_create_door_schedule_doors_table', 11),
(30, '2024_02_02_130859_create_my_permissions_table', 12),
(31, '2024_02_02_133100_my_permissions', 13),
(32, '2024_02_02_133227_create_my_permissions_table', 13),
(33, '2024_02_20_130011_create_door_schedule_counters_table', 14),
(34, '2024_02_22_125734_create_door_ips_table', 15);

-- --------------------------------------------------------

--
-- Table structure for table `my_permissions`
--

CREATE TABLE `my_permissions` (
  `id` int(10) UNSIGNED NOT NULL,
  `user_id` int(10) UNSIGNED NOT NULL,
  `unit_id` int(10) UNSIGNED NOT NULL,
  `permission_group_id` int(10) UNSIGNED NOT NULL,
  `permissioner_id` int(10) UNSIGNED NOT NULL,
  `start_date` datetime DEFAULT NULL,
  `end_date` datetime DEFAULT NULL,
  `created_at` timestamp NULL DEFAULT NULL,
  `updated_at` timestamp NULL DEFAULT NULL,
  `deleted_at` timestamp NULL DEFAULT NULL
) ENGINE=InnoDB DEFAULT CHARSET=utf8mb4 COLLATE=utf8mb4_unicode_ci;

--
-- Dumping data for table `my_permissions`
--

INSERT INTO `my_permissions` (`id`, `user_id`, `unit_id`, `permission_group_id`, `permissioner_id`, `start_date`, `end_date`, `created_at`, `updated_at`, `deleted_at`) VALUES
(1, 9, 9, 11, 4, '2024-02-01 13:42:37', '2024-05-01 13:42:37', NULL, NULL, NULL),
(4, 1, 9, 17, 9, '2024-02-03 13:55:00', '2024-02-03 17:55:00', '2024-02-03 09:56:02', '2024-02-03 09:56:02', NULL),
(5, 1, 9, 18, 9, '2024-02-03 13:55:00', '2024-02-03 17:55:00', '2024-02-03 10:00:01', '2024-02-03 10:00:01', NULL),
(6, 6, 9, 19, 9, '2024-02-03 14:19:00', '2024-02-04 14:19:00', '2024-02-03 11:19:42', '2024-02-03 11:19:42', NULL),
(7, 4, 9, 18, 9, '2024-02-06 11:23:00', '2024-02-14 11:23:00', '2024-02-05 08:23:51', '2024-02-05 08:23:51', NULL),
(8, 7, 9, 22, 9, '2024-02-06 11:28:00', '2024-02-06 11:28:00', '2024-02-05 08:28:39', '2024-02-05 08:28:39', NULL),
(9, 7, 9, 23, 9, '2024-02-06 11:30:00', '2024-02-06 11:30:00', '2024-02-05 08:30:21', '2024-02-05 08:30:21', NULL),
(10, 3, 13, 19, 8, '2024-02-04 13:35:18', '2024-02-27 13:35:18', NULL, NULL, NULL),
(11, 4, 9, 24, 9, '2024-02-20 07:32:00', '2024-02-24 13:33:00', '2024-02-20 04:33:42', '2024-02-20 04:33:42', NULL),
(12, 9, 9, 13, 4, '2024-02-20 07:35:00', '2024-02-21 07:35:00', '2024-02-20 04:35:40', '2024-02-20 04:35:40', NULL),
(13, 10, 9, 19, 9, '2024-03-04 12:18:00', '2024-03-06 12:18:00', '2024-03-04 09:18:23', '2024-03-04 09:18:23', NULL),
(14, 10, 9, 25, 9, '2024-03-03 12:19:00', '2024-03-04 18:19:00', '2024-03-04 09:19:31', '2024-03-04 09:19:31', NULL),
(15, 10, 9, 19, 9, '2024-03-13 11:24:00', '2024-03-15 11:24:00', '2024-03-14 08:24:21', '2024-03-14 08:24:21', NULL),
(16, 10, 9, 26, 9, '2024-03-14 11:24:00', '2024-03-15 11:26:00', '2024-03-14 08:26:19', '2024-03-14 08:26:19', NULL),
(17, 10, 9, 26, 9, '2024-03-28 22:43:00', '2024-03-29 22:43:00', '2024-03-28 19:43:55', '2024-03-28 19:43:55', NULL),
(18, 9, 9, 18, 9, '2024-03-28 22:46:00', '2024-03-28 23:46:00', '2024-03-28 19:47:08', '2024-03-28 19:47:08', NULL),
(20, 4, 16, 1000, 1001, '2024-03-31 21:28:00', '2024-12-31 23:59:59', '2024-03-31 18:28:00', '2024-03-31 18:28:00', NULL),
(24, 10, 20, 1000, 1001, '2024-03-31 21:55:58', '2024-12-31 23:59:59', '2024-03-31 18:55:58', '2024-04-02 08:26:04', '2024-04-02 08:26:04'),
(25, 10, 21, 1000, 1001, '2024-03-31 22:06:26', '2024-12-31 23:59:59', '2024-03-31 19:06:26', '2024-04-02 09:09:04', '2024-04-02 09:09:04'),
(26, 8, 22, 1000, 1001, '2024-04-01 17:21:38', '2024-12-31 23:59:59', '2024-04-01 14:21:38', '2024-04-01 22:13:40', '2024-04-01 22:13:40'),
(27, 10, 23, 1000, 1001, '2024-04-01 19:45:17', '2024-12-31 23:59:59', '2024-04-01 16:45:17', '2024-04-02 10:54:20', '2024-04-02 10:54:20'),
(28, 1001, 24, 1000, 1001, '2024-04-01 23:19:40', '2024-12-31 23:59:59', '2024-04-01 20:19:40', '2024-04-02 10:31:31', '2024-04-02 10:31:31'),
(29, 10, 25, 1000, 1001, '2024-04-01 23:22:19', '2024-12-31 23:59:59', '2024-04-01 20:22:19', '2024-04-02 08:37:43', '2024-04-02 08:37:43');

-- --------------------------------------------------------

--
-- Table structure for table `my_permission_counters`
--

CREATE TABLE `my_permission_counters` (
  `id` int(10) UNSIGNED NOT NULL,
  `my_permission_id` int(10) UNSIGNED NOT NULL,
  `door_id` int(11) NOT NULL,
  `give_permission` int(11) DEFAULT 0,
  `open` int(11) NOT NULL DEFAULT 0,
  `close` int(11) NOT NULL DEFAULT 0,
  `schedule` int(11) NOT NULL DEFAULT 0,
  `created_at` timestamp NULL DEFAULT NULL,
  `updated_at` timestamp NULL DEFAULT NULL,
  `deleted_at` timestamp NULL DEFAULT NULL
) ENGINE=InnoDB DEFAULT CHARSET=utf8mb4 COLLATE=utf8mb4_unicode_ci;

--
-- Dumping data for table `my_permission_counters`
--

INSERT INTO `my_permission_counters` (`id`, `my_permission_id`, `door_id`, `give_permission`, `open`, `close`, `schedule`, `created_at`, `updated_at`, `deleted_at`) VALUES
(1, 8, 1, 8, 8, 8, 8, NULL, NULL, NULL),
(2, 1, 9, 10, 58, 60, 21, NULL, '2024-03-29 06:37:21', NULL),
(3, 1, 10, 11, 81, 83, 15, NULL, '2024-03-28 19:47:08', NULL),
(6, 4, 9, 0, 0, 0, 0, '2024-02-03 09:56:02', '2024-02-03 09:56:02', NULL),
(7, 5, 9, 0, 0, 0, 0, '2024-02-03 10:00:01', '2024-02-03 10:00:01', NULL),
(8, 5, 10, 0, 0, 0, 0, '2024-02-03 10:00:01', '2024-02-03 10:00:01', NULL),
(9, 6, 9, 0, 0, 0, 0, '2024-02-03 11:19:42', '2024-02-03 11:19:42', NULL),
(10, 6, 10, 0, 0, 0, 0, '2024-02-03 11:19:42', '2024-02-03 11:19:42', NULL),
(11, 7, 9, 0, 0, 0, 0, '2024-02-05 08:23:51', '2024-02-05 08:23:51', NULL),
(12, 7, 10, 0, 0, 0, 0, '2024-02-05 08:23:51', '2024-02-05 08:23:51', NULL),
(13, 8, 10, 0, 0, 0, 0, '2024-02-05 08:28:39', '2024-02-05 08:28:39', NULL),
(14, 9, 9, 0, 0, 0, 0, '2024-02-05 08:30:21', '2024-02-05 08:30:21', NULL),
(15, 9, 10, 0, 0, 0, 0, '2024-02-05 08:30:21', '2024-02-05 08:30:21', NULL),
(16, 11, 9, 1, 0, 0, 0, '2024-02-20 04:33:42', '2024-02-20 04:35:40', NULL),
(17, 11, 10, 1, 0, 0, 0, '2024-02-20 04:33:42', '2024-02-20 04:35:40', NULL),
(18, 12, 9, 0, 0, 0, 0, '2024-02-20 04:35:40', '2024-02-20 04:35:40', NULL),
(19, 12, 10, 0, 0, 0, 0, '2024-02-20 04:35:40', '2024-02-20 04:35:40', NULL),
(20, 13, 9, 0, 0, 0, 0, '2024-03-04 09:18:23', '2024-03-04 09:18:23', NULL),
(21, 13, 10, 0, 0, 0, 0, '2024-03-04 09:18:24', '2024-03-04 09:18:24', NULL),
(22, 14, 9, 0, 0, 0, 0, '2024-03-04 09:19:31', '2024-03-04 09:19:31', NULL),
(23, 14, 10, 0, 0, 0, 0, '2024-03-04 09:19:31', '2024-03-04 09:19:31', NULL),
(24, 15, 9, 0, 0, 0, 0, '2024-03-14 08:24:21', '2024-03-14 08:24:21', NULL),
(25, 15, 10, 0, 0, 0, 0, '2024-03-14 08:24:22', '2024-03-14 08:24:22', NULL),
(26, 16, 9, 0, 0, 0, 0, '2024-03-14 08:26:19', '2024-03-14 08:26:19', NULL),
(27, 16, 10, 0, 0, 0, 0, '2024-03-14 08:26:19', '2024-03-14 08:26:19', NULL),
(28, 17, 9, 0, 0, 0, 0, '2024-03-28 19:43:55', '2024-03-28 19:43:55', NULL),
(29, 18, 10, 0, 0, 0, 0, '2024-03-28 19:47:08', '2024-03-28 19:47:08', NULL),
(31, 20, 22, 0, 0, 0, 0, '2024-03-31 18:28:00', '2024-03-31 18:28:00', NULL),
(32, 24, 26, 0, 0, 0, 0, '2024-03-31 18:55:58', '2024-03-31 18:55:58', NULL),
(33, 25, 27, 0, 0, 0, 0, '2024-03-31 19:06:26', '2024-03-31 19:06:26', NULL),
(34, 25, 28, 0, 0, 0, 0, '2024-03-31 19:06:26', '2024-03-31 19:06:26', NULL),
(35, 26, 29, 0, 0, 0, 0, '2024-04-01 14:21:38', '2024-04-01 14:21:38', NULL),
(36, 27, 30, 0, 0, 0, 0, '2024-04-01 16:45:17', '2024-04-01 16:45:17', NULL),
(37, 28, 31, 0, 0, 0, 0, '2024-04-01 20:19:40', '2024-04-01 20:19:40', NULL),
(38, 28, 32, 0, 0, 0, 0, '2024-04-01 20:19:40', '2024-04-01 20:19:40', NULL),
(39, 29, 33, 0, 0, 0, 0, '2024-04-01 20:22:19', '2024-04-01 20:22:19', NULL);

-- --------------------------------------------------------

--
-- Table structure for table `my_permission_doors`
--

CREATE TABLE `my_permission_doors` (
  `id` bigint(20) UNSIGNED NOT NULL,
  `door_id` int(10) UNSIGNED NOT NULL,
  `my_permission_id` int(10) UNSIGNED NOT NULL,
  `created_at` timestamp NULL DEFAULT NULL,
  `updated_at` timestamp NULL DEFAULT NULL,
  `deleted_at` timestamp NULL DEFAULT NULL
) ENGINE=InnoDB DEFAULT CHARSET=utf8mb4 COLLATE=utf8mb4_unicode_ci;

--
-- Dumping data for table `my_permission_doors`
--

INSERT INTO `my_permission_doors` (`id`, `door_id`, `my_permission_id`, `created_at`, `updated_at`, `deleted_at`) VALUES
(3, 1, 4, '2024-01-28 22:22:50', '2024-01-28 22:22:50', NULL),
(4, 2, 4, '2024-01-28 22:22:50', '2024-01-28 22:22:50', NULL),
(5, 1, 5, '2024-01-28 22:30:33', '2024-01-28 22:30:33', NULL),
(6, 2, 5, '2024-01-28 22:30:33', '2024-01-28 22:30:33', NULL),
(7, 1, 6, '2024-01-28 22:34:07', '2024-01-28 22:34:07', NULL),
(8, 2, 6, '2024-01-28 22:34:07', '2024-01-28 22:34:07', NULL),
(9, 2, 7, '2024-01-28 22:43:45', '2024-01-28 22:43:45', NULL),
(10, 2, 8, '2024-01-28 23:00:10', '2024-01-28 23:00:10', NULL),
(11, 1, 9, '2024-01-29 09:26:58', '2024-01-29 09:26:58', NULL),
(12, 2, 9, '2024-01-29 09:26:58', '2024-01-29 09:26:58', NULL),
(13, 1, 10, '2024-02-01 08:34:02', '2024-02-01 08:34:02', NULL),
(16, 9, 4, '2024-02-03 09:56:02', '2024-02-03 09:56:02', NULL),
(17, 9, 5, '2024-02-03 10:00:01', '2024-02-03 10:00:01', NULL),
(18, 10, 5, '2024-02-03 10:00:01', '2024-02-03 10:00:01', NULL),
(19, 9, 6, '2024-02-03 11:19:42', '2024-02-03 11:19:42', NULL),
(20, 10, 6, '2024-02-03 11:19:42', '2024-02-03 11:19:42', NULL),
(21, 9, 7, '2024-02-05 08:23:51', '2024-02-05 08:23:51', NULL),
(22, 10, 7, '2024-02-05 08:23:51', '2024-02-05 08:23:51', NULL),
(23, 10, 8, '2024-02-05 08:28:39', '2024-02-05 08:28:39', NULL),
(24, 9, 9, '2024-02-05 08:30:21', '2024-02-05 08:30:21', NULL),
(25, 10, 9, '2024-02-05 08:30:21', '2024-02-05 08:30:21', NULL),
(26, 9, 11, '2024-02-20 04:33:42', '2024-02-20 04:33:42', NULL),
(27, 10, 11, '2024-02-20 04:33:42', '2024-02-20 04:33:42', NULL),
(28, 9, 12, '2024-02-20 04:35:40', '2024-02-20 04:35:40', NULL),
(29, 10, 12, '2024-02-20 04:35:40', '2024-02-20 04:35:40', NULL),
(30, 9, 13, '2024-03-04 09:18:23', '2024-03-04 09:18:23', NULL),
(31, 10, 13, '2024-03-04 09:18:24', '2024-03-04 09:18:24', NULL),
(32, 9, 14, '2024-03-04 09:19:31', '2024-03-04 09:19:31', NULL),
(33, 10, 14, '2024-03-04 09:19:31', '2024-03-04 09:19:31', NULL),
(34, 9, 15, '2024-03-14 08:24:21', '2024-03-14 08:24:21', NULL),
(35, 10, 15, '2024-03-14 08:24:22', '2024-03-14 08:24:22', NULL),
(36, 9, 16, '2024-03-14 08:26:19', '2024-03-14 08:26:19', NULL),
(37, 10, 16, '2024-03-14 08:26:19', '2024-03-14 08:26:19', NULL),
(38, 9, 17, '2024-03-28 19:43:55', '2024-03-28 19:43:55', NULL),
(39, 10, 18, '2024-03-28 19:47:08', '2024-03-28 19:47:08', NULL),
(41, 22, 20, '2024-03-31 18:28:00', '2024-03-31 18:28:00', NULL),
(42, 26, 24, '2024-03-31 18:55:58', '2024-03-31 18:55:58', NULL),
(43, 27, 25, '2024-03-31 19:06:26', '2024-03-31 19:06:26', NULL),
(44, 28, 25, '2024-03-31 19:06:26', '2024-03-31 19:06:26', NULL),
(45, 29, 26, '2024-04-01 14:21:38', '2024-04-01 14:21:38', NULL),
(46, 30, 27, '2024-04-01 16:45:17', '2024-04-02 10:54:20', '2024-04-02 10:54:20'),
(47, 31, 28, '2024-04-01 20:19:40', '2024-04-01 20:19:40', NULL),
(48, 32, 28, '2024-04-01 20:19:40', '2024-04-01 20:19:40', NULL),
(49, 33, 29, '2024-04-01 20:22:19', '2024-04-01 20:22:19', NULL);

-- --------------------------------------------------------

--
-- Table structure for table `my_units`
--

CREATE TABLE `my_units` (
  `id` int(10) UNSIGNED NOT NULL,
  `user_id` int(10) UNSIGNED NOT NULL,
  `unit_id` int(10) UNSIGNED NOT NULL,
  `role_id` int(10) UNSIGNED NOT NULL,
  `start_date` date NOT NULL DEFAULT '2024-01-16',
  `end_date` date NOT NULL DEFAULT '2024-01-16',
  `permissioner_id` int(10) UNSIGNED NOT NULL,
  `created_at` timestamp NULL DEFAULT NULL,
  `updated_at` timestamp NULL DEFAULT NULL,
  `deleted_at` timestamp NULL DEFAULT NULL
) ENGINE=InnoDB DEFAULT CHARSET=utf8mb4 COLLATE=utf8mb4_unicode_ci;

--
-- Dumping data for table `my_units`
--

INSERT INTO `my_units` (`id`, `user_id`, `unit_id`, `role_id`, `start_date`, `end_date`, `permissioner_id`, `created_at`, `updated_at`, `deleted_at`) VALUES
(1, 4, 1, 1, '0000-00-00', '0000-00-00', 4, '2024-01-19 08:44:14', '2024-01-19 08:44:14', NULL),
(6, 4, 4, 4, '2024-01-16', '2024-01-16', 1, NULL, NULL, NULL),
(56, 4, 5, 5, '2024-01-16', '2024-01-16', 1, '2024-01-26 09:30:05', '2024-01-26 09:30:05', NULL);

-- --------------------------------------------------------

--
-- Table structure for table `oauth_access_tokens`
--

CREATE TABLE `oauth_access_tokens` (
  `id` varchar(100) NOT NULL,
  `user_id` bigint(20) UNSIGNED DEFAULT NULL,
  `client_id` bigint(20) UNSIGNED NOT NULL,
  `name` varchar(255) DEFAULT NULL,
  `scopes` text DEFAULT NULL,
  `revoked` tinyint(1) NOT NULL,
  `created_at` timestamp NULL DEFAULT NULL,
  `updated_at` timestamp NULL DEFAULT NULL,
  `expires_at` datetime DEFAULT NULL
) ENGINE=InnoDB DEFAULT CHARSET=utf8mb4 COLLATE=utf8mb4_unicode_ci;

--
-- Dumping data for table `oauth_access_tokens`
--

INSERT INTO `oauth_access_tokens` (`id`, `user_id`, `client_id`, `name`, `scopes`, `revoked`, `created_at`, `updated_at`, `expires_at`) VALUES
('671de475ddec35d3a87cc7112f9af5bd69b0f2d67756d7942051043ad337343d36c4e9052133eb8e', 3, 3, 'appToken', '[]', 0, '2023-12-20 12:20:10', '2023-12-20 12:20:11', '2024-12-20 15:20:10'),
('b3452c2d7a0020e6f3a92f35dc068139012e6a9c273ec94b614fe72426b31024f8532a7d029e0e65', 4, 3, 'appToken', '[]', 0, '2024-01-18 08:43:47', '2024-01-18 08:43:47', '2025-01-18 11:43:47'),
('d1751c2a75bb8454e51c26641c4979d69ddb82c0c4d277883aac563c99b679128774e06d77a52a12', 3, 3, 'appToken', '[]', 0, '2023-12-20 12:37:16', '2023-12-20 12:37:17', '2024-12-20 15:37:16');

-- --------------------------------------------------------

--
-- Table structure for table `oauth_auth_codes`
--

CREATE TABLE `oauth_auth_codes` (
  `id` varchar(100) NOT NULL,
  `user_id` bigint(20) UNSIGNED NOT NULL,
  `client_id` bigint(20) UNSIGNED NOT NULL,
  `scopes` text DEFAULT NULL,
  `revoked` tinyint(1) NOT NULL,
  `expires_at` datetime DEFAULT NULL
) ENGINE=InnoDB DEFAULT CHARSET=utf8mb4 COLLATE=utf8mb4_unicode_ci;

-- --------------------------------------------------------

--
-- Table structure for table `oauth_clients`
--

CREATE TABLE `oauth_clients` (
  `id` bigint(20) UNSIGNED NOT NULL,
  `user_id` bigint(20) UNSIGNED DEFAULT NULL,
  `name` varchar(255) NOT NULL,
  `secret` varchar(100) DEFAULT NULL,
  `provider` varchar(255) DEFAULT NULL,
  `redirect` text NOT NULL,
  `personal_access_client` tinyint(1) NOT NULL,
  `password_client` tinyint(1) NOT NULL,
  `revoked` tinyint(1) NOT NULL,
  `created_at` timestamp NULL DEFAULT NULL,
  `updated_at` timestamp NULL DEFAULT NULL
) ENGINE=InnoDB DEFAULT CHARSET=utf8mb4 COLLATE=utf8mb4_unicode_ci;

--
-- Dumping data for table `oauth_clients`
--

INSERT INTO `oauth_clients` (`id`, `user_id`, `name`, `secret`, `provider`, `redirect`, `personal_access_client`, `password_client`, `revoked`, `created_at`, `updated_at`) VALUES
(1, NULL, 'Laravel Personal Access Client', 't9laAvXYTmjg4tNuz0GE9YTu3uu5xvHKR5zZb8Ii', NULL, 'http://localhost', 1, 0, 0, '2023-12-18 15:40:21', '2023-12-18 15:40:21'),
(2, NULL, 'Laravel Password Grant Client', 'rPATxodszKLMgaJszdU8dOX6GhPv6GDWGlCLq0aR', 'users', 'http://localhost', 0, 1, 0, '2023-12-18 15:40:21', '2023-12-18 15:40:21'),
(3, NULL, 'Laravel Personal Access Client', 'sh8CUJGoGNpPU3kT6S1WNzlV7DlNJkzlcPyEvoXD', NULL, 'http://localhost', 1, 0, 0, '2023-12-18 18:42:35', '2023-12-18 18:42:35'),
(4, NULL, 'Laravel Password Grant Client', 'ZS1DBRZKbpt3WYnEJdQb0gnGtzhj8S1XPuwmPJCt', 'users', 'http://localhost', 0, 1, 0, '2023-12-18 18:42:35', '2023-12-18 18:42:35');

-- --------------------------------------------------------

--
-- Table structure for table `oauth_personal_access_clients`
--

CREATE TABLE `oauth_personal_access_clients` (
  `id` bigint(20) UNSIGNED NOT NULL,
  `client_id` bigint(20) UNSIGNED NOT NULL,
  `created_at` timestamp NULL DEFAULT NULL,
  `updated_at` timestamp NULL DEFAULT NULL
) ENGINE=InnoDB DEFAULT CHARSET=utf8mb4 COLLATE=utf8mb4_unicode_ci;

--
-- Dumping data for table `oauth_personal_access_clients`
--

INSERT INTO `oauth_personal_access_clients` (`id`, `client_id`, `created_at`, `updated_at`) VALUES
(1, 1, '2023-12-18 15:40:21', '2023-12-18 15:40:21'),
(2, 3, '2023-12-18 18:42:35', '2023-12-18 18:42:35');

-- --------------------------------------------------------

--
-- Table structure for table `oauth_refresh_tokens`
--

CREATE TABLE `oauth_refresh_tokens` (
  `id` varchar(100) NOT NULL,
  `access_token_id` varchar(100) NOT NULL,
  `revoked` tinyint(1) NOT NULL,
  `expires_at` datetime DEFAULT NULL
) ENGINE=InnoDB DEFAULT CHARSET=utf8mb4 COLLATE=utf8mb4_unicode_ci;

-- --------------------------------------------------------

--
-- Table structure for table `password_reset_tokens`
--

CREATE TABLE `password_reset_tokens` (
  `email` varchar(255) NOT NULL,
  `token` varchar(255) NOT NULL,
  `created_at` timestamp NULL DEFAULT NULL
) ENGINE=InnoDB DEFAULT CHARSET=utf8mb4 COLLATE=utf8mb4_unicode_ci;

-- --------------------------------------------------------

--
-- Table structure for table `permissions`
--

CREATE TABLE `permissions` (
  `id` int(10) UNSIGNED NOT NULL,
  `permission_group_id` int(10) UNSIGNED NOT NULL,
  `give_permission` varchar(255) DEFAULT NULL,
  `open` varchar(255) DEFAULT NULL,
  `close` varchar(255) DEFAULT NULL,
  `schedule` varchar(255) DEFAULT NULL,
  `give_permission_fre` int(11) NOT NULL,
  `open_fre` int(11) NOT NULL,
  `close_fre` int(11) NOT NULL,
  `schedule_fre` int(11) NOT NULL,
  `created_at` timestamp NULL DEFAULT NULL,
  `updated_at` timestamp NULL DEFAULT NULL,
  `deleted_at` timestamp NULL DEFAULT NULL
) ENGINE=InnoDB DEFAULT CHARSET=utf8mb4 COLLATE=utf8mb4_unicode_ci;

--
-- Dumping data for table `permissions`
--

INSERT INTO `permissions` (`id`, `permission_group_id`, `give_permission`, `open`, `close`, `schedule`, `give_permission_fre`, `open_fre`, `close_fre`, `schedule_fre`, `created_at`, `updated_at`, `deleted_at`) VALUES
(2, 7, 'yes', 'yes', 'yes', NULL, 100, 100, 100, 100, '2024-01-19 03:46:58', '2024-01-19 03:46:58', NULL),
(3, 8, 'yes', 'yes', 'yes', NULL, 100, 100, 100, 100, '2024-01-19 03:51:44', '2024-01-19 03:51:44', NULL),
(4, 9, 'yes', 'yes', 'yes', NULL, 100, 100, 100, 100, '2024-01-19 03:56:47', '2024-01-19 03:56:47', NULL),
(5, 10, 'yes', 'yes', 'yes', NULL, 100, 100, 100, 100, '2024-01-19 03:59:27', '2024-01-19 03:59:27', NULL),
(6, 11, 'yes', 'yes', 'yes', NULL, 100, 100, 100, 100, '2024-01-19 04:04:53', '2024-01-19 04:04:53', NULL),
(7, 12, 'yes', 'yes', 'yes', NULL, 3, 5, 5, 4, '2024-01-28 22:22:50', '2024-01-28 22:22:50', NULL),
(8, 13, 'yes', 'yes', 'yes', NULL, 3, 5, 5, 4, '2024-01-28 22:30:33', '2024-01-28 22:30:33', NULL),
(9, 14, 'yes', 'yes', 'yes', NULL, 3, 5, 5, 4, '2024-01-28 22:34:07', '2024-01-28 22:34:07', NULL),
(12, 17, 'no', 'yes', 'yes', 'yes', 3, 34, 34, 7, '2024-02-03 09:56:02', '2024-02-03 09:56:02', NULL),
(13, 18, 'no', 'yes', 'yes', 'yes', 3, 34, 34, 7, '2024-02-03 10:00:01', '2024-02-03 10:00:01', NULL),
(14, 19, 'yes', 'yes', 'yes', 'yes', 4, 7, 7, 9, '2024-02-03 11:19:42', '2024-02-03 11:19:42', NULL),
(15, 22, 'no', 'no', 'no', 'no', 7, 6, 5, 5, '2024-02-05 08:28:39', '2024-02-05 08:28:39', NULL),
(16, 23, 'yes', 'yes', 'yes', 'yes', 2, 4, 3, 4, '2024-02-05 08:30:21', '2024-02-05 08:30:21', NULL),
(17, 24, 'yes', 'yes', 'yes', 'yes', 4, 3, 4, 4, '2024-02-20 04:33:42', '2024-02-20 04:33:42', NULL),
(18, 25, 'yes', 'yes', 'yes', 'yes', 1, 1, 1, 1, '2024-03-04 09:19:31', '2024-03-04 09:19:31', NULL),
(19, 26, 'yes', 'yes', 'yes', 'yes', 1, 1, 1, 1, '2024-03-14 08:26:19', '2024-03-14 08:26:19', NULL),
(1000, 1000, 'yes', 'yes', 'yes', 'yes', 1000, 1000, 1000, 1000, NULL, NULL, NULL);

-- --------------------------------------------------------

--
-- Table structure for table `permission_groups`
--

CREATE TABLE `permission_groups` (
  `id` int(10) UNSIGNED NOT NULL,
  `name` varchar(255) DEFAULT NULL,
  `creator_id` int(10) UNSIGNED NOT NULL,
  `created_at` timestamp NULL DEFAULT NULL,
  `updated_at` timestamp NULL DEFAULT NULL,
  `deleted_at` timestamp NULL DEFAULT NULL
) ENGINE=InnoDB DEFAULT CHARSET=utf8mb4 COLLATE=utf8mb4_unicode_ci;

--
-- Dumping data for table `permission_groups`
--

INSERT INTO `permission_groups` (`id`, `name`, `creator_id`, `created_at`, `updated_at`, `deleted_at`) VALUES
(5, 'Test', 3, '2024-01-19 06:40:56', '2024-01-19 06:40:56', NULL),
(6, 'Test', 3, '2024-01-19 06:44:27', '2024-01-19 06:44:27', NULL),
(7, 'Test', 3, '2024-01-19 06:46:58', '2024-01-19 06:46:58', NULL),
(8, 'Test', 3, '2024-01-19 06:51:44', '2024-01-19 06:51:44', NULL),
(9, 'Test', 3, '2024-01-19 06:56:47', '2024-01-19 06:56:47', NULL),
(10, 'Test', 3, '2024-01-19 06:59:27', '2024-01-19 06:59:27', NULL),
(11, 'Test', 3, '2024-01-19 07:04:53', '2024-01-19 07:04:53', NULL),
(12, 'create_new', 4, '2024-01-28 22:22:50', '2024-01-28 22:22:50', NULL),
(13, 'create_new', 4, '2024-01-28 22:30:33', '2024-01-28 22:30:33', NULL),
(14, 'create_new', 4, '2024-01-28 22:34:07', '2024-01-28 22:34:07', NULL),
(17, 'create_new', 9, '2024-02-03 09:56:02', '2024-02-03 09:56:02', NULL),
(18, 'create_new', 9, '2024-02-03 10:00:01', '2024-02-03 10:00:01', NULL),
(19, 'permission_1', 9, '2024-02-03 11:19:42', '2024-02-03 11:19:42', NULL),
(22, 'wrty', 9, '2024-02-05 08:28:39', '2024-02-05 08:28:39', NULL),
(23, 'tyd', 9, '2024-02-05 08:30:21', '2024-02-05 08:30:21', NULL),
(24, 'Seth', 9, '2024-02-20 04:33:42', '2024-02-20 04:33:42', NULL),
(25, 'One each', 9, '2024-03-04 09:19:31', '2024-03-04 09:19:31', NULL),
(26, 'one real', 9, '2024-03-14 08:26:19', '2024-03-14 08:26:19', NULL),
(1000, 'House Owners ', 1001, NULL, NULL, NULL);

-- --------------------------------------------------------

--
-- Table structure for table `personal_access_tokens`
--

CREATE TABLE `personal_access_tokens` (
  `id` bigint(20) UNSIGNED NOT NULL,
  `tokenable_type` varchar(255) NOT NULL,
  `tokenable_id` bigint(20) UNSIGNED NOT NULL,
  `name` varchar(255) NOT NULL,
  `token` varchar(64) NOT NULL,
  `abilities` text DEFAULT NULL,
  `last_used_at` timestamp NULL DEFAULT NULL,
  `expires_at` timestamp NULL DEFAULT NULL,
  `created_at` timestamp NULL DEFAULT NULL,
  `updated_at` timestamp NULL DEFAULT NULL
) ENGINE=InnoDB DEFAULT CHARSET=utf8mb4 COLLATE=utf8mb4_unicode_ci;

-- --------------------------------------------------------

--
-- Table structure for table `roles`
--

CREATE TABLE `roles` (
  `id` int(10) UNSIGNED NOT NULL,
  `role_name` varchar(255) DEFAULT NULL,
  `created_at` timestamp NULL DEFAULT NULL,
  `updated_at` timestamp NULL DEFAULT NULL,
  `deleted_at` timestamp NULL DEFAULT NULL
) ENGINE=InnoDB DEFAULT CHARSET=utf8mb4 COLLATE=utf8mb4_unicode_ci;

--
-- Dumping data for table `roles`
--

INSERT INTO `roles` (`id`, `role_name`, `created_at`, `updated_at`, `deleted_at`) VALUES
(1, 'adminstrator', NULL, NULL, NULL),
(2, 'Host', NULL, NULL, NULL),
(3, 'Service Provider', NULL, NULL, NULL),
(4, 'Guest', NULL, NULL, NULL),
(5, 'Co-Guest', NULL, NULL, NULL);

-- --------------------------------------------------------

--
-- Table structure for table `units`
--

CREATE TABLE `units` (
  `id` int(10) UNSIGNED NOT NULL,
  `unit_name` varchar(255) DEFAULT NULL,
  `owner_id` int(10) UNSIGNED NOT NULL,
  `premises_name` varchar(255) DEFAULT NULL,
  `longitude` varchar(255) DEFAULT NULL,
  `latitude` varchar(255) DEFAULT NULL,
  `google_location` varchar(255) DEFAULT NULL,
  `doors` int(11) DEFAULT NULL,
  `created_at` timestamp NULL DEFAULT NULL,
  `updated_at` timestamp NULL DEFAULT NULL,
  `deleted_at` timestamp NULL DEFAULT NULL
) ENGINE=InnoDB DEFAULT CHARSET=utf8mb4 COLLATE=utf8mb4_unicode_ci;

--
-- Dumping data for table `units`
--

INSERT INTO `units` (`id`, `unit_name`, `owner_id`, `premises_name`, `longitude`, `latitude`, `google_location`, `doors`, `created_at`, `updated_at`, `deleted_at`) VALUES
(9, 'State house', 4, 'Waiting Zone', '36.9648429', '-0.3974645', 'JX37+2W King\'ong\'o, Kenya', 2, '2024-01-26 21:47:21', '2024-04-02 09:43:10', NULL),
(20, 'gh', 10, 'rrr', '12', '0.8', '6FGJQ2X2+X2', 1, '2024-03-31 18:55:58', '2024-04-02 08:26:04', '2024-04-02 08:26:04'),
(21, 'NR4', 10, 'Nyeri Ridge', '12', '2', '2222+22 Vama, Gabon', 2, '2024-03-31 19:06:26', '2024-04-02 09:09:04', '2024-04-02 09:09:04'),
(22, 'bbbb', 8, 'www', '-0.3564332', '5', '6CQX2J2V+2C', 1, '2024-04-01 14:21:38', '2024-04-01 22:13:40', '2024-04-01 22:13:40'),
(23, 'fl1', 10, 'Florida', '-0.3564332', '12.893458', 'VJVV+9C Bagand, Burkina Faso', 1, '2024-04-01 16:45:17', '2024-04-02 10:54:20', '2024-04-02 10:54:20'),
(24, 'kq', 1001, 'Kenya', '-0.3564332', '12.893458', 'VJVV+9C Bagand, Burkina Faso', 2, '2024-04-01 20:19:40', '2024-04-02 10:31:31', '2024-04-02 10:31:31'),
(25, 'yy', 10, 'rrr', '-0.3564332', '12.893458', 'VJVV+9C Bagand, Burkina Faso', 1, '2024-04-01 20:22:19', '2024-04-02 08:37:43', '2024-04-02 08:37:43');

-- --------------------------------------------------------

--
-- Table structure for table `users`
--

CREATE TABLE `users` (
  `id` int(10) UNSIGNED NOT NULL,
  `fname` varchar(255) NOT NULL,
  `lname` varchar(255) NOT NULL,
  `phone` varchar(255) NOT NULL,
  `email` varchar(255) NOT NULL,
  `email_verified_at` timestamp NULL DEFAULT NULL,
  `password` varchar(255) NOT NULL,
  `remember_token` varchar(100) DEFAULT NULL,
  `created_at` timestamp NULL DEFAULT NULL,
  `updated_at` timestamp NULL DEFAULT NULL,
  `deleted_at` timestamp NULL DEFAULT NULL
) ENGINE=InnoDB DEFAULT CHARSET=utf8mb4 COLLATE=utf8mb4_unicode_ci;

--
-- Dumping data for table `users`
--

INSERT INTO `users` (`id`, `fname`, `lname`, `phone`, `email`, `email_verified_at`, `password`, `remember_token`, `created_at`, `updated_at`, `deleted_at`) VALUES
(1, 'John', 'Kamau', '0723451288', 'johnkamau@gmail.com', '2023-12-18 22:33:16', 'www', 'wwww', '2023-12-18 22:33:16', '2023-12-18 22:33:16', NULL),
(2, 'Kibe', 'John', '085433', 'joh@gmail.com', '2023-12-12 21:19:00', '', 'yes', '2023-12-18 22:33:16', '2023-12-12 21:19:00', NULL),
(3, 'Peter', 'Petero', '0123456789', 'peter@petero.com', NULL, '$2y$12$3LMPBkm7okKDIB/0LjrQGOyvisqoAEWJTyU6chzDf3wHA9GfTYvhW', NULL, '2023-12-20 12:20:08', '2023-12-20 12:20:08', NULL),
(4, 'seth', 'james', '123456789', 'seth@gmail.com', NULL, '$2y$12$3LMPBkm7okKDIB/0LjrQGOyvisqoAEWJTyU6chzDf3wHA9GfTYvhW', NULL, '2024-01-18 08:43:46', '2024-01-18 08:43:46', NULL),
(5, '', '', '', 'odero@oderol.com', NULL, '$2y$12$ZtrRUJSTix3yT2sbN.ztXexxf81asJgg/3e0OwhsRDkRK4e6HrOEW', NULL, '2024-01-21 20:26:35', '2024-01-21 20:26:35', NULL),
(6, '', '', '07477203067', 'qwe@gmail.com', NULL, '$2y$12$GMuU5lvxm9VAzQV8XOZlm.vpnSdW7oEJSE/MpZ3XStHFGcFQvOfiS', NULL, '2024-01-21 20:36:58', '2024-01-21 20:36:58', NULL),
(7, 'Stephn', 'Mbutu', '1111111111', 'mbutu@mbutu.com', NULL, '$2y$12$3LMPBkm7okKDIB/0LjrQGOyvisqoAEWJTyU6chzDf3wHA9GfTYvhW', NULL, '2024-01-21 20:48:35', '2024-01-21 20:48:35', NULL),
(8, 'rtytr', 'dsa', '8545635634', 'rtytr@gmail.com', NULL, '$2y$12$I81RHy/BQGKtX52f6xsbCu1qJ2VnVmKlfIU1Dg2eY3Qs0/znq51wq', NULL, '2024-01-24 23:16:38', '2024-01-24 23:16:38', NULL),
(9, 'yhh', 'rew', '346712345', 'yhh@gmail.com', NULL, '$2y$12$VCEvHxD2SiuFvtzBYZJugeX5ANDIMYEoL3SLbbH56589d4resx8H2', NULL, '2024-01-25 10:03:32', '2024-01-25 10:03:32', NULL),
(10, 'Evans', 'Odero', '0740203067', 'odero@unikey.odero.ke', NULL, '$2y$12$xenEWNylKWclr6Jq7KYlI.JV0F9S7sXM3WPDOyHMu77rHj2TQgJ06', NULL, '2024-02-05 10:14:22', '2024-02-05 10:14:22', NULL),
(1000, 'Button', 'Access', '983456439923', 'button@unikey.odero.ke', NULL, 'qewq', NULL, NULL, NULL, NULL),
(1001, 'Unikey', 'Web', '1234567', 'unikey@unikey.com', NULL, 'aaa', NULL, NULL, NULL, NULL);

--
-- Indexes for dumped tables
--

--
-- Indexes for table `doors`
--
ALTER TABLE `doors`
  ADD PRIMARY KEY (`id`);

--
-- Indexes for table `door_ips`
--
ALTER TABLE `door_ips`
  ADD PRIMARY KEY (`id`),
  ADD UNIQUE KEY `door_ips_ip_address_unique` (`ip_address`),
  ADD KEY `door_ips_door_id_foreign` (`door_id`);

--
-- Indexes for table `door_schedules`
--
ALTER TABLE `door_schedules`
  ADD PRIMARY KEY (`id`),
  ADD KEY `door_schedules_user_id_foreign` (`user_id`),
  ADD KEY `door_schedules_door_schedule_permission_id_foreign` (`door_schedule_permission_id`);

--
-- Indexes for table `door_schedule_counters`
--
ALTER TABLE `door_schedule_counters`
  ADD PRIMARY KEY (`id`),
  ADD KEY `door_schedule_counters_door_schedule_door_id_foreign` (`door_schedule_door_id`);

--
-- Indexes for table `door_schedule_doors`
--
ALTER TABLE `door_schedule_doors`
  ADD PRIMARY KEY (`id`),
  ADD KEY `door_schedule_doors_door_schedule_id_foreign` (`door_schedule_id`),
  ADD KEY `door_schedule_doors_door_id_foreign` (`door_id`);

--
-- Indexes for table `door_schedule_permissions`
--
ALTER TABLE `door_schedule_permissions`
  ADD PRIMARY KEY (`id`),
  ADD KEY `door_schedule_permissions_user_id_foreign` (`user_id`);

--
-- Indexes for table `door_statuses`
--
ALTER TABLE `door_statuses`
  ADD PRIMARY KEY (`id`),
  ADD KEY `door_statuses_door_id_foreign` (`door_id`);

--
-- Indexes for table `door_status_setters`
--
ALTER TABLE `door_status_setters`
  ADD PRIMARY KEY (`id`),
  ADD KEY `door_status_setters_door_id_foreign` (`door_id`),
  ADD KEY `door_status_setters_user_id_foreign` (`user_id`);

--
-- Indexes for table `failed_jobs`
--
ALTER TABLE `failed_jobs`
  ADD PRIMARY KEY (`id`),
  ADD UNIQUE KEY `failed_jobs_uuid_unique` (`uuid`);

--
-- Indexes for table `kenyas`
--
ALTER TABLE `kenyas`
  ADD PRIMARY KEY (`id`);

--
-- Indexes for table `migrations`
--
ALTER TABLE `migrations`
  ADD PRIMARY KEY (`id`);

--
-- Indexes for table `my_permissions`
--
ALTER TABLE `my_permissions`
  ADD PRIMARY KEY (`id`),
  ADD KEY `my_permissions_user_id_foreign` (`user_id`),
  ADD KEY `my_permissions_unit_id_foreign` (`unit_id`),
  ADD KEY `my_permissions_permission_group_id_foreign` (`permission_group_id`),
  ADD KEY `my_permissions_permissioner_id_foreign` (`permissioner_id`);

--
-- Indexes for table `my_permission_counters`
--
ALTER TABLE `my_permission_counters`
  ADD PRIMARY KEY (`id`),
  ADD KEY `my_permission_counters_my_permission_id_foreign` (`my_permission_id`);

--
-- Indexes for table `my_permission_doors`
--
ALTER TABLE `my_permission_doors`
  ADD PRIMARY KEY (`id`),
  ADD KEY `my_permission_doors_door_id_foreign` (`door_id`),
  ADD KEY `my_permission_doors_my_permission_id_foreign` (`my_permission_id`);

--
-- Indexes for table `my_units`
--
ALTER TABLE `my_units`
  ADD PRIMARY KEY (`id`),
  ADD KEY `my_units_user_id_foreign` (`user_id`),
  ADD KEY `my_units_unit_id_foreign` (`unit_id`),
  ADD KEY `my_units_role_id_foreign` (`role_id`),
  ADD KEY `my_units_permissioner_id_foreign` (`permissioner_id`);

--
-- Indexes for table `oauth_access_tokens`
--
ALTER TABLE `oauth_access_tokens`
  ADD PRIMARY KEY (`id`),
  ADD KEY `oauth_access_tokens_user_id_index` (`user_id`);

--
-- Indexes for table `oauth_auth_codes`
--
ALTER TABLE `oauth_auth_codes`
  ADD PRIMARY KEY (`id`),
  ADD KEY `oauth_auth_codes_user_id_index` (`user_id`);

--
-- Indexes for table `oauth_clients`
--
ALTER TABLE `oauth_clients`
  ADD PRIMARY KEY (`id`),
  ADD KEY `oauth_clients_user_id_index` (`user_id`);

--
-- Indexes for table `oauth_personal_access_clients`
--
ALTER TABLE `oauth_personal_access_clients`
  ADD PRIMARY KEY (`id`);

--
-- Indexes for table `oauth_refresh_tokens`
--
ALTER TABLE `oauth_refresh_tokens`
  ADD PRIMARY KEY (`id`),
  ADD KEY `oauth_refresh_tokens_access_token_id_index` (`access_token_id`);

--
-- Indexes for table `password_reset_tokens`
--
ALTER TABLE `password_reset_tokens`
  ADD PRIMARY KEY (`email`);

--
-- Indexes for table `permissions`
--
ALTER TABLE `permissions`
  ADD PRIMARY KEY (`id`),
  ADD KEY `permissions_permission_group_id_foreign` (`permission_group_id`);

--
-- Indexes for table `permission_groups`
--
ALTER TABLE `permission_groups`
  ADD PRIMARY KEY (`id`);

--
-- Indexes for table `personal_access_tokens`
--
ALTER TABLE `personal_access_tokens`
  ADD PRIMARY KEY (`id`),
  ADD UNIQUE KEY `personal_access_tokens_token_unique` (`token`),
  ADD KEY `personal_access_tokens_tokenable_type_tokenable_id_index` (`tokenable_type`,`tokenable_id`);

--
-- Indexes for table `roles`
--
ALTER TABLE `roles`
  ADD PRIMARY KEY (`id`);

--
-- Indexes for table `units`
--
ALTER TABLE `units`
  ADD PRIMARY KEY (`id`);

--
-- Indexes for table `users`
--
ALTER TABLE `users`
  ADD PRIMARY KEY (`id`),
  ADD UNIQUE KEY `users_email_unique` (`email`);

--
-- AUTO_INCREMENT for dumped tables
--

--
-- AUTO_INCREMENT for table `doors`
--
ALTER TABLE `doors`
  MODIFY `id` int(10) UNSIGNED NOT NULL AUTO_INCREMENT, AUTO_INCREMENT=34;

--
-- AUTO_INCREMENT for table `door_ips`
--
ALTER TABLE `door_ips`
  MODIFY `id` int(10) UNSIGNED NOT NULL AUTO_INCREMENT, AUTO_INCREMENT=18;

--
-- AUTO_INCREMENT for table `door_schedules`
--
ALTER TABLE `door_schedules`
  MODIFY `id` int(10) UNSIGNED NOT NULL AUTO_INCREMENT, AUTO_INCREMENT=36;

--
-- AUTO_INCREMENT for table `door_schedule_counters`
--
ALTER TABLE `door_schedule_counters`
  MODIFY `id` int(10) UNSIGNED NOT NULL AUTO_INCREMENT, AUTO_INCREMENT=36;

--
-- AUTO_INCREMENT for table `door_schedule_doors`
--
ALTER TABLE `door_schedule_doors`
  MODIFY `id` int(10) UNSIGNED NOT NULL AUTO_INCREMENT, AUTO_INCREMENT=53;

--
-- AUTO_INCREMENT for table `door_schedule_permissions`
--
ALTER TABLE `door_schedule_permissions`
  MODIFY `id` int(10) UNSIGNED NOT NULL AUTO_INCREMENT, AUTO_INCREMENT=10;

--
-- AUTO_INCREMENT for table `door_statuses`
--
ALTER TABLE `door_statuses`
  MODIFY `id` int(10) UNSIGNED NOT NULL AUTO_INCREMENT, AUTO_INCREMENT=15;

--
-- AUTO_INCREMENT for table `door_status_setters`
--
ALTER TABLE `door_status_setters`
  MODIFY `id` int(10) UNSIGNED NOT NULL AUTO_INCREMENT, AUTO_INCREMENT=773;

--
-- AUTO_INCREMENT for table `failed_jobs`
--
ALTER TABLE `failed_jobs`
  MODIFY `id` bigint(20) UNSIGNED NOT NULL AUTO_INCREMENT;

--
-- AUTO_INCREMENT for table `kenyas`
--
ALTER TABLE `kenyas`
  MODIFY `id` bigint(20) UNSIGNED NOT NULL AUTO_INCREMENT;

--
-- AUTO_INCREMENT for table `migrations`
--
ALTER TABLE `migrations`
  MODIFY `id` int(10) UNSIGNED NOT NULL AUTO_INCREMENT, AUTO_INCREMENT=35;

--
-- AUTO_INCREMENT for table `my_permissions`
--
ALTER TABLE `my_permissions`
  MODIFY `id` int(10) UNSIGNED NOT NULL AUTO_INCREMENT, AUTO_INCREMENT=30;

--
-- AUTO_INCREMENT for table `my_permission_counters`
--
ALTER TABLE `my_permission_counters`
  MODIFY `id` int(10) UNSIGNED NOT NULL AUTO_INCREMENT, AUTO_INCREMENT=40;

--
-- AUTO_INCREMENT for table `my_permission_doors`
--
ALTER TABLE `my_permission_doors`
  MODIFY `id` bigint(20) UNSIGNED NOT NULL AUTO_INCREMENT, AUTO_INCREMENT=50;

--
-- AUTO_INCREMENT for table `my_units`
--
ALTER TABLE `my_units`
  MODIFY `id` int(10) UNSIGNED NOT NULL AUTO_INCREMENT, AUTO_INCREMENT=57;

--
-- AUTO_INCREMENT for table `oauth_clients`
--
ALTER TABLE `oauth_clients`
  MODIFY `id` bigint(20) UNSIGNED NOT NULL AUTO_INCREMENT, AUTO_INCREMENT=5;

--
-- AUTO_INCREMENT for table `oauth_personal_access_clients`
--
ALTER TABLE `oauth_personal_access_clients`
  MODIFY `id` bigint(20) UNSIGNED NOT NULL AUTO_INCREMENT, AUTO_INCREMENT=3;

--
-- AUTO_INCREMENT for table `permissions`
--
ALTER TABLE `permissions`
  MODIFY `id` int(10) UNSIGNED NOT NULL AUTO_INCREMENT, AUTO_INCREMENT=1001;

--
-- AUTO_INCREMENT for table `permission_groups`
--
ALTER TABLE `permission_groups`
  MODIFY `id` int(10) UNSIGNED NOT NULL AUTO_INCREMENT, AUTO_INCREMENT=1001;

--
-- AUTO_INCREMENT for table `personal_access_tokens`
--
ALTER TABLE `personal_access_tokens`
  MODIFY `id` bigint(20) UNSIGNED NOT NULL AUTO_INCREMENT;

--
-- AUTO_INCREMENT for table `roles`
--
ALTER TABLE `roles`
  MODIFY `id` int(10) UNSIGNED NOT NULL AUTO_INCREMENT, AUTO_INCREMENT=6;

--
-- AUTO_INCREMENT for table `units`
--
ALTER TABLE `units`
  MODIFY `id` int(10) UNSIGNED NOT NULL AUTO_INCREMENT, AUTO_INCREMENT=26;

--
-- AUTO_INCREMENT for table `users`
--
ALTER TABLE `users`
  MODIFY `id` int(10) UNSIGNED NOT NULL AUTO_INCREMENT, AUTO_INCREMENT=1002;

--
-- Constraints for dumped tables
--

--
-- Constraints for table `door_ips`
--
ALTER TABLE `door_ips`
  ADD CONSTRAINT `door_ips_door_id_foreign` FOREIGN KEY (`door_id`) REFERENCES `doors` (`id`);

--
-- Constraints for table `door_schedules`
--
ALTER TABLE `door_schedules`
  ADD CONSTRAINT `door_schedules_door_schedule_permission_id_foreign` FOREIGN KEY (`door_schedule_permission_id`) REFERENCES `door_schedule_permissions` (`id`),
  ADD CONSTRAINT `door_schedules_user_id_foreign` FOREIGN KEY (`user_id`) REFERENCES `users` (`id`);

--
-- Constraints for table `door_schedule_counters`
--
ALTER TABLE `door_schedule_counters`
  ADD CONSTRAINT `door_schedule_counters_door_schedule_door_id_foreign` FOREIGN KEY (`door_schedule_door_id`) REFERENCES `door_schedule_doors` (`id`);

--
-- Constraints for table `door_schedule_doors`
--
ALTER TABLE `door_schedule_doors`
  ADD CONSTRAINT `door_schedule_doors_door_id_foreign` FOREIGN KEY (`door_id`) REFERENCES `doors` (`id`),
  ADD CONSTRAINT `door_schedule_doors_door_schedule_id_foreign` FOREIGN KEY (`door_schedule_id`) REFERENCES `door_schedules` (`id`);

--
-- Constraints for table `door_schedule_permissions`
--
ALTER TABLE `door_schedule_permissions`
  ADD CONSTRAINT `door_schedule_permissions_user_id_foreign` FOREIGN KEY (`user_id`) REFERENCES `users` (`id`);

--
-- Constraints for table `door_statuses`
--
ALTER TABLE `door_statuses`
  ADD CONSTRAINT `door_statuses_door_id_foreign` FOREIGN KEY (`door_id`) REFERENCES `doors` (`id`);

--
-- Constraints for table `door_status_setters`
--
ALTER TABLE `door_status_setters`
  ADD CONSTRAINT `door_status_setters_door_id_foreign` FOREIGN KEY (`door_id`) REFERENCES `doors` (`id`),
  ADD CONSTRAINT `door_status_setters_user_id_foreign` FOREIGN KEY (`user_id`) REFERENCES `users` (`id`);

--
-- Constraints for table `my_permissions`
--
ALTER TABLE `my_permissions`
  ADD CONSTRAINT `my_permissions_permission_group_id_foreign` FOREIGN KEY (`permission_group_id`) REFERENCES `permission_groups` (`id`),
  ADD CONSTRAINT `my_permissions_permissioner_id_foreign` FOREIGN KEY (`permissioner_id`) REFERENCES `users` (`id`),
  ADD CONSTRAINT `my_permissions_unit_id_foreign` FOREIGN KEY (`unit_id`) REFERENCES `units` (`id`),
  ADD CONSTRAINT `my_permissions_user_id_foreign` FOREIGN KEY (`user_id`) REFERENCES `users` (`id`);

--
-- Constraints for table `my_permission_counters`
--
ALTER TABLE `my_permission_counters`
  ADD CONSTRAINT `my_permission_counters_my_permission_id_foreign` FOREIGN KEY (`my_permission_id`) REFERENCES `my_permissions` (`id`);

--
-- Constraints for table `my_permission_doors`
--
ALTER TABLE `my_permission_doors`
  ADD CONSTRAINT `my_permission_doors_door_id_foreign` FOREIGN KEY (`door_id`) REFERENCES `doors` (`id`),
  ADD CONSTRAINT `my_permission_doors_my_permission_id_foreign` FOREIGN KEY (`my_permission_id`) REFERENCES `my_permissions` (`id`);

--
-- Constraints for table `my_units`
--
ALTER TABLE `my_units`
  ADD CONSTRAINT `my_units_permissioner_id_foreign` FOREIGN KEY (`permissioner_id`) REFERENCES `users` (`id`),
  ADD CONSTRAINT `my_units_role_id_foreign` FOREIGN KEY (`role_id`) REFERENCES `roles` (`id`),
  ADD CONSTRAINT `my_units_unit_id_foreign` FOREIGN KEY (`unit_id`) REFERENCES `units` (`id`),
  ADD CONSTRAINT `my_units_user_id_foreign` FOREIGN KEY (`user_id`) REFERENCES `users` (`id`);

--
-- Constraints for table `permissions`
--
ALTER TABLE `permissions`
  ADD CONSTRAINT `permissions_permission_group_id_foreign` FOREIGN KEY (`permission_group_id`) REFERENCES `permission_groups` (`id`);
COMMIT;

/*!40101 SET CHARACTER_SET_CLIENT=@OLD_CHARACTER_SET_CLIENT */;
/*!40101 SET CHARACTER_SET_RESULTS=@OLD_CHARACTER_SET_RESULTS */;
/*!40101 SET COLLATION_CONNECTION=@OLD_COLLATION_CONNECTION */;
